Tab,ทำแล้ว,Item Code,ตำแหน่ง,Description,Trade Name,Common Name,Route,หน่วยการใช้งาน,Frequency/Rate,Note,Unit,Receipt Category,Alert Min,Alert Max,Formula,Sell Price,Rx Default,Status,Category
ใบเสร็จ,,030000000001,1,ค่าบัตร,ค่าบัตร,ค่าบัตร,,ครั้ง,,,ครั้ง,ค่าบัตร,0,0,A - Unit price,10.00 / ครั้ง,ไม่มี,Active,ใบเสร็จ
ใบเสร็จ,,030000000081,1,ค่าบริการทางการแพทย์,,,,ครั้ง,,,ครั้ง,ค่าบริการทางการแพทย์,0,0,A - Unit price,100.00 / ครั้ง,ไม่มี,Active,ใบเสร็จ
ใบเสร็จ,,030000000002,1,ค่าตรวจ,ค่าตรวจ,ค่าตรวจ,,ครั้ง,,,ครั้ง,ค่าตรวจ,0,0,A - Unit price,100.00 / ครั้ง,ไม่มี,Active,ใบเสร็จ
ใบเสร็จ,,030000000055,1,ค่าตรวจนอกเวลาราชการ,ค่าตรวจนอกเวลาราชการ,ค่าตรวจนอกเวลาราชการ,,ครั้ง,,,ครั้ง,ค่าตรวจ,0.0,0.0,A - Unit price,200.00 / ครั้ง; 200.00 / ครั้ง,ไม่มี,Active,ใบเสร็จ
ใบเสร็จ,,030000000070,1,ค่าบริการตรวจฉุกเฉิน,,,,บาท,,,บาท,ค่าตรวจ,0.0,0.0,A - Unit price,1.00 / บาท; 1.00 / บาท,ไม่มี,Active,ใบเสร็จ
ใบเสร็จ,,030000000068,1,ค่าตรวจพิเศษ,ค่าตรวจพิเศษ,ค่าตรวจพิเศษ,,บาท,,,บาท,ค่าตรวจ,0.0,0.0,A - Unit price,1.00 / บาท; 1.00 / บาท,ไม่มี,Active,ใบเสร็จ
ใบเสร็จ,,080000000022,1,ค่าหัตถการ,ค่าหัตถการ,ค่าหัตถการ,,บาท,,,บาท,ค่าหัตถการ,0,0,A - Unit price,1.00 / บาท,ไม่มี,Active,ใบเสร็จ
ใบเสร็จ,,080000000024,3,ค่าหัตถการทำแผล,ค่าหัตถการทำแผล,ค่าหัตถการทำแผล,,บาท,,,บาท,ค่าหัตถการ,0,0,A - Unit price,1.00 / บาท,ไม่มี,Active,ใบเสร็จ
ใบเสร็จ,,030000000065,1,ค่ายาฉีด,ค่ายาฉีด,ค่ายาฉีด,,บาท,,,บาท,ค่ายาฉีด / สารน้ำ,0.0,0.0,A - Unit price,1.00 / บาท,ไม่มี,Active,ใบเสร็จ
ใบเสร็จ,,030000000056,3,ค่าบริการดมละอองยา (Nebulization) (ดมตู้คิด 1.5 ครั้ง),ค่าบริการดมละอองยา (Nebulization) (ดมตู้คิด 1.5 ครั้ง),ค่าบริการดมละอองยา (Nebulization) (ดมตู้คิด 1.5 ครั้ง),,ครั้ง,,,ครั้ง,ค่าหัตถการ,0.0,0.0,A - Unit price,100.00 / ครั้ง; 100.00 / ครั้ง,ไม่มี,Active,ใบเสร็จ
ใบเสร็จ,,080000000035,2,ค่าหัตการพ่นยากำจัดเห็บหมัด,ค่าหัตการพ่นยากำจัดเห็บหมัด,ค่าหัตการพ่นยากำจัดเห็บหมัด,,ครั้ง,,,ครั้ง,ค่าหัตถการ,0,0,A - Unit price,100.00 / ครั้ง,ไม่มี,Active,ใบเสร็จ
ใบเสร็จ,,030000000048,1,ใบส่งตัว,,ใบส่งตัว,,แผ่น,,,แผ่น,ค่าบริการทางการแพทย์,0.0,0.0,A - Unit price,50.00 / แผ่น; 50.00 / แผ่น,ไม่มี,Active,ใบเสร็จ
ใบเสร็จ,,030000000003,1,ค่ายานำกลับ,ค่ายา,ค่ายา,,บาท,,,บาท,ค่ายานำกลับ,0,0,A - Unit price,1.00 / บาท,ไม่มี,Active,ใบเสร็จ
ใบเสร็จ,,030000000007,1,ค่าตรวจทางห้องปฏิบัติการ,ค่าตรวจทางห้องปฏิบัติการ,ค่าตรวจทางห้องปฏิบัติการ,,บาท,,,บาท,ค่าตรวจทางห้องปฎิบัติการ,0,0,A - Unit price,1.00 / บาท,ไม่มี,Active,ใบเสร็จ
ใบเสร็จ,,030000000005,2,ค่าผ่าตัด,ค่าผ่าตัด,ค่าผ่าตัด,,บาท,,,บาท,ค่าผ่าตัด,0,0,A - Unit price,1.00 / บาท,ไม่มี,Active,ใบเสร็จ
ใบเสร็จ,,030000000064,1,ค่าวางยาสลบ,ค่าวางยาสลบ,ค่าวางยาสลบ,,บาท,,,บาท,ค่ายาฉีด / สารน้ำ,0.0,0.0,A - Unit price,1.00 / บาท; 1.00 / บาท,ไม่มี,Active,ใบเสร็จ
ใบเสร็จ,,030000000009,1,อื่นๆ,อื่นๆ,อื่นๆ,,บาท,,,บาท,อื่นๆ,0,0,A - Unit price,1.00 / บาท,ไม่มี,Active,ใบเสร็จ
ใบเสร็จ,,030000000097,1,ค่าปรึกษาอาการ (100),ค่าปรึกษาอาการ,ค่าปรึกษาอาการ,,ครั้ง,,,ครั้ง,ค่าบริการทางการแพทย์,0.0,0.0,A - Unit price,100.00 / ครั้ง,ไม่มี,Active,ใบเสร็จ
XRAY,,030000000067,1,ค่าวินิจฉัยด้วยอัลตร้าซาวด์ (Ultrasound) U/S,ค่าวินิจฉัยด้วยอัลตร้าซาวด์ (Ultrasound) U/S,ค่าอัลตร้าซาวด์,,บาท,,,บาท,ค่าวินิจฉัยด้วยภาพถ่ายรังสี,0.0,0.0,A - Unit price,1.00 / บาท,ไม่มี,Active,X-rays / Ultrasound
XRAY,,030000000096,1,Barium sulphate,Barium sulphate,Barium sulphate,,ซีซี,,,ซีซี,ค่าวินิจฉัยด้วยภาพถ่ายรังสี,0.0,0.0,C - Divide factor price,50.00 / 30,ไม่มี,Active,X-rays / Ultrasound
XRAY,,020000000081,2,Iohexal (Omnipaque 300) (inj.),Omnipaque 300,,,ซีซี,,Dilute with NSS to a total volume of …...cc,ซีซี,ค่ายาฉีด / สารน้ำ,0,0,B - Range price,0.01-3 = 100.00; 3.01-4 = 130.00; 4.01-5 = 160.00; 5.01-6 = 190.00; 6.01-7 = 220.00; 7.01-8 = 250.00; 8.01-9 = 280.00,ไม่มี,Active,X-rays / Ultrasound
XRAY,,030000000060,1,ค่าเปิดเครื่อง xray,ค่าเปิดเครื่อง xray,ค่าเปิดเครื่อง xray,,ครั้ง,,,ครั้ง,ค่าวินิจฉัยด้วยภาพถ่ายรังสี,0,0,A - Unit price,120.00 / ครั้ง,ไม่มี,Active,X-rays / Ultrasound
XRAY,,030000000062,1,ค่าวินิจฉัยด้วยภาพถ่ายรังสีต่อฟิล์ม(ไม่รวมค่าเปิดเครื่อง),ค่าวินิจฉัยด้วยภาพถ่ายรังสีต่อฟิล์ม(ไม่รวมค่าเปิดเครื่อง),ค่าวินิจฉัยด้วยภาพถ่ายรังสีต่อฟิล์ม(ไม่รวมค่าเปิดเครื่อง),,ครั้ง,,,ครั้ง,ค่าวินิจฉัยด้วยภาพถ่ายรังสี,0,0,A - Unit price,120.00 / ครั้ง,ไม่มี,Active,X-rays / Ultrasound
XRAY,,030000000059,1,ค่าวินิจฉัยด้วยภาพถ่ายรังสี(ต่อฟิล์ม) x-ray,ค่าวินิจฉัยด้วยภาพถ่ายรังสี(ต่อฟิล์ม) x-ray,ค่าวินิจฉัยด้วยภาพถ่ายรังสี(ต่อฟิล์ม) x-ray,,ครั้ง,,,ครั้ง,ค่าวินิจฉัยด้วยภาพถ่ายรังสี,0,0,B - Range price,0.01-1 = 240.00; 1.01-2 = 360.00; 2.01-3 = 480.00; 3.01-4 = 600.00; 4.01-5 = 720.00; 5.01-6 = 840.00,ไม่มี,Active,X-rays / Ultrasound
XRAY,,030000000061,1,ค่าวินิจฉัยด้วยภาพถ่ายรังสี Xray : series (<6 ฟิล์ม),ค่าวินิจฉัยด้วยภาพถ่ายรังสี Xray : series (<6 ฟิล์ม),ค่าวินิจฉัยด้วยภาพถ่ายรังสี Xray : series (<6 ฟิล์ม),,ครั้ง,,,ครั้ง,ค่าวินิจฉัยด้วยภาพถ่ายรังสี,0,0,A - Unit price,"1,000.00 / ครั้ง",ไม่มี,Active,X-rays / Ultrasound
XRAY,,030000000063,1,ค่าวินิจฉัยด้วยภาพถ่ายรังสี Xray : series (>6 ฟิล์ม),ค่าวินิจฉัยด้วยภาพถ่ายรังสี Xray : series (>6 ฟิล์ม),ค่าวินิจฉัยด้วยภาพถ่ายรังสี Xray : series (>6 ฟิล์ม),,ครั้ง,,,ครั้ง,ค่าวินิจฉัยด้วยภาพถ่ายรังสี,0,0,A - Unit price,"1,500.00 / ครั้ง",ไม่มี,Active,X-rays / Ultrasound
XRAY,,050000000164,1,CD x-ray/DVD สำหรับเก็บภาพเอ็กซ์เรย์,CD/DVD สำหรับเก็บภาพเอ็กซ์เรย์,CD x-ray,,แผ่น,,,แผ่น,ค่าบริการทางการแพทย์,0.0,0.0,A - Unit price,50.00 / แผ่น; 50.00 / แผ่น,ไม่มี,Active,X-rays / Ultrasound
น้ำเกลือ,,050000000034,1,จุกปิดน้ำเกลือ (injection plug/heparin plug),injection plug,injection plug,,อัน,,,อัน,ค่าเวชภัณฑ์ / วัสดุการแพทย์,0.0,0.0,A - Unit price,30.00 / อัน; 30.00 / อัน,ไม่มี,Active,น้ำเกลือ IV / SC
น้ำเกลือ,,050000000037,1,เข็มให้น้ำเกลือ เบอร์ 24 (เหลือง) IV catheter No.24,IV catheter No.24,IV catheter No.24 (เหลือง),,อัน,,,อัน,ค่าเวชภัณฑ์ / วัสดุการแพทย์,0.0,0.0,A - Unit price,50.00 / อัน; 50.00 / อัน,ไม่มี,Active,น้ำเกลือ IV / SC
น้ำเกลือ,,050000000038,1,เข็มให้น้ำเกลือ เบอร์ 22 (ฟ้า) IV catheter No.22,IV catheter No.22,IV catheter No.22 (ฟ้า),,อัน,,,อัน,ค่าเวชภัณฑ์ / วัสดุการแพทย์,0.0,0.0,A - Unit price,50.00 / อัน; 50.00 / อัน,ไม่มี,Active,น้ำเกลือ IV / SC
น้ำเกลือ,,050000000035,1,ปลั๊ก 3 ทาง (3 way valve),3 way valve,3 way valve,,อัน,,,อัน,ค่าเวชภัณฑ์ / วัสดุการแพทย์,0.0,0.0,A - Unit price,50.00 / อัน; 50.00 / อัน,ไม่มี,Active,น้ำเกลือ IV / SC
น้ำเกลือ,,050000000001,1,"สายต่อน้ำเกลือ 6 นิ้ว (Extension 6"")","Extension 6""","Extension 6""",,อัน,,,อัน,ค่าเวชภัณฑ์ / วัสดุการแพทย์,0.0,0.0,A - Unit price,15.00 / อัน; 15.00 / อัน,ไม่มี,Active,น้ำเกลือ IV / SC
น้ำเกลือ,,050000000136,1,Normal Saline 0.9% 100 ml (NSS ขวดละ 100 ml),NSS 100 ml,NSS 100 ml,IV,ขวด,Rate    ml/hr,,ขวด,ค่ายาฉีด / สารน้ำ,0,0,A - Unit price,100.00 / ขวด,ไม่มี,Active,น้ำเกลือ IV / SC
น้ำเกลือ,,050000000137,1,Normal Saline 0.9% 500 ml (NSS ขวดละ 500 ml),NSS 500 ml,NSS 500 ml,IV,ขวด,Rate    ml/hr,,ขวด,ค่ายาฉีด / สารน้ำ,0,0,A - Unit price,120.00 / ขวด,ไม่มี,Active,น้ำเกลือ IV / SC
น้ำเกลือ,,050000000138,1,Normal Saline 0.9% 1000 ml (NSS ขวดละ 1000 ml),NSS 1000 ml,NSS 1000 ml,IV,ขวด,Rate    ml/hr,,ขวด,ค่ายาฉีด / สารน้ำ,0,0,A - Unit price,150.00 / ขวด,ไม่มี,Active,น้ำเกลือ IV / SC
น้ำเกลือ,,050000000141,1,Acetated Ringer's 500 ml (Acetar 500 ml)*ใช้ในห้องตรวจ**,R-Cetate 500 ml,R-Cetate 500 ml,IV,ขวด,Rate    ml/hr,,ขวด,ค่ายาฉีด / สารน้ำ,0,0,A - Unit price,120.00 / ขวด,ไม่มี,Active,น้ำเกลือ IV / SC
น้ำเกลือ,,050000000142,1,Acetated Ringer's 1000 ml (R-Cetate 1000 ml) (Acetar 1000 ml),R-Cetate 1000 ml,R-Cetate 1000 ml,IV,ขวด,Rate    ml/hr,,ขวด,ค่ายาฉีด / สารน้ำ,0,0,A - Unit price,150.00 / ขวด,ไม่มี,Active,น้ำเกลือ IV / SC
น้ำเกลือ,,050000000131,1,Dextrose 5% in 1/2 Str.Saline 1000 ml (D 5 1/2 s 1000 ml),D 5 1/2 s 1000 ml,D 5 1/2 s 1000 ml,IV,ขวด,Rate    ml/hr,,ขวด,ค่ายาฉีด / สารน้ำ,0,0,A - Unit price,150.00 / ขวด,ไม่มี,Active,น้ำเกลือ IV / SC
น้ำเกลือ,,050000000146,1,Dextrose 5% in Acetated Ringer's 1000 ml  (Acetar-5 1000 ml),R-Cetate-5 1000 ml (Actear -5),R-Cetate-5 1000 ml (Actear -5),IV,ขวด,Rate    ml/hr,,ขวด,ค่ายาฉีด / สารน้ำ,0,0,A - Unit price,150.00 / ขวด,ไม่มี,Active,น้ำเกลือ IV / SC
น้ำเกลือ,,080000000025,1,ค่าบริการให้น้ำเกลือ s/c,ค่าบริการให้น้ำเกลือ s/c,ค่าบริการให้น้ำเกลือ s/c,,ครั้ง,,,ครั้ง,ค่าหัตถการ,0,0,A - Unit price,50.00 / ครั้ง,ไม่มี,Active,น้ำเกลือ IV / SC
น้ำเกลือ,,050000000157,1,NSS for s/c,NSS for s/c,NSS for s/c,SC,ซีซี,,,ซีซี,ค่ายาฉีด / สารน้ำ,0,0,B - Range price,0.01-200 = 120.00; 200.01-500 = 150.00; 500.01-700 = 180.00; 700.01-1000 = 200.00,ไม่มี,Active,น้ำเกลือ IV / SC
น้ำเกลือ,,050000000158,1,Acetar for s/c,Acetar for s/c,Acetar for s/c,SC,ซีซี,,,ซีซี,ค่ายาฉีด / สารน้ำ,0,0,B - Range price,0.01-200 = 120.00; 200.01-500 = 150.00; 500.01-700 = 180.00; 700.01-1000 = 200.00,ไม่มี,Active,น้ำเกลือ IV / SC
น้ำเกลือ,,020000000109,1,Metabolase (ยาบำรุง),(Tx) Metabolase,(Tx) Metabolase,SC,ซีซี,,,ซีซี,ค่ายาฉีด / สารน้ำ,0,0,B - Range price,0.01-10 = 30.00; 10.01-20 = 60.00; 20.01-30 = 90.00; 30.01-40 = 120.00; 40.01-50 = 150.00; 50.1-60 = 180.00,ไม่มี,Active,น้ำเกลือ IV / SC
น้ำเกลือ,,050000000159,1,วิตามินบำรุงในน้ำเกลือ(metabolase+biocat) ตามน้ำหนักตัว,วิตามินบำรุงในน้ำเกลือ(metabolase+biocat) ตามน้ำหนักตัว,วิตามินบำรุงในน้ำเกลือ(metabolase+biocat) ตามน้ำหนักตัว,SC,กิโลกรัม,,,กิโลกรัม,ค่ายาฉีด / สารน้ำ,0,0,B - Range price,0.01-10 = 30.00; 10.01-20 = 50.00; 20.01-80 = 70.00,ไม่มี,Active,น้ำเกลือ IV / SC
น้ำเกลือ,,020000000058,1,Vitamin B12 (1000 mcg),VitaminB12 1000 mcg,Vitamin B12 (1000 mcg),SC,ซีซี,,,ซีซี,ค่ายาฉีด / สารน้ำ,0,0,B - Range price,0.01-0.5 = 30.00; 0.51-1 = 50.00; 1.01-2 = 80.00; 2.01-3 = 100.00; 3.01-4 = 100.00; 4.01-10 = 100.00,ไม่มี,Active,น้ำเกลือ IV / SC
น้ำเกลือ,,020000000108,1,Biocat (inj),(Tx) Biocat(inj),(Tx) Biocat(inj),SC,ซีซี,,,ซีซี,ค่ายาฉีด / สารน้ำ,0,0,B - Range price,0.01-0.5 = 30.00; 0.51-1 = 50.00; 1.01-2 = 80.00; 2.01-3 = 100.00; 3.01-4 = 100.00; 4.01-10 = 100.00,ไม่มี,Active,น้ำเกลือ IV / SC
น้ำเกลือ,,020000000057,1,Fercobsang (inj.),Fercobsang,Fercobsang (inj.),SC,ซีซี,,,ซีซี,ค่ายาฉีด / สารน้ำ,0,0,B - Range price,0.01-0.5 = 50.00; 0.51-1 = 80.00; 1.01-1.5 = 120.00; 1.51-2 = 160.00; 2.01-3 = 200.00,ไม่มี,Active,น้ำเกลือ IV / SC
น้ำเกลือ,,030000000019,1,ค่าใช้บริการเครื่องให้น้ำเกลืออัตโนมัติ (Infusion pump),ค่าใช้บริการเครื่องให้น้ำเกลืออัตโนมัติ (Infusion pump),ค่าใช้บริการเครื่องให้น้ำเกลืออัตโนมัติ (Infusion pump),,ครั้ง,,,ครั้ง,ค่าหัตถการ,0.0,0.0,A - Unit price,50.00 / ครั้ง; 50.00 / ครั้ง,ไม่มี,Active,น้ำเกลือ IV / SC
น้ำเกลือ,,030000000094,2,ค่าใช้บริการเครื่องให้น้ำเกลืออัตโนมัติ (Infusion pump)**24hr**,(Infusion pump)**24hr**,ค่าใช้บริการเครื่องให้น้ำเกลืออัตโนมัติ (Infusion pump)**24hr**,,ครั้ง,,,ครั้ง,วัสดุการแพทย์,0,0,A - Unit price,100.00 / ครั้ง,ไม่มี,Active,น้ำเกลือ IV / SC
น้ำเกลือ,,030000000026,1,ค่าแก้น้ำเกลือ,ค่าแก้น้ำเกลือ,ค่าแก้น้ำเกลือ,,ครั้ง,,,ครั้ง,ค่าหัตถการ,0.0,0.0,A - Unit price,20.00 / ครั้ง; 20.00 / ครั้ง,ไม่มี,Active,น้ำเกลือ IV / SC
น้ำเกลือ,,050000000167,1,ขายยกขวด Dextrose 5% in Str.water 1000 ml (D5W 1000 ml),(Tx) ขายยกขวด Dextrose 5% in Str.water 1000 ml (D5W 1000 ml),(Tx) ขายยกขวด Dextrose 5% in Str.water 1000 ml (D5W 1000 ml),IV,ขวด,Rate    ml/hr,,ขวด,ค่ายาฉีด / สารน้ำ,0,0,A - Unit price,150.00 / ขวด,ไม่มี,Active,น้ำเกลือ IV / SC
น้ำเกลือ,,050000000133,1,Lcatate Ringer's 1000 ml (LRI 1000 ml),Lcatate Ringer's 1000 ml (LRI 1000 ml),Lcatate Ringer's 1000 ml (LRI 1000 ml),IV,ขวด,Rate    ml/hr,,ขวด,ค่ายาฉีด / สารน้ำ,0,0,B - Range price,0.01-300 = 80.00; 300.01-500 = 100.00; 500.01-800 = 120.00; 800.01-1000 = 150.00,ไม่มี,Active,น้ำเกลือ IV / SC
ยาฉีด,,020000000006,1,Enrofloxacin 5% (Baytril 5%) (inj.),Baytril inj 5%,,SC,ซีซี,,,ซีซี,ค่ายาฉีด / สารน้ำ,0,0,B - Range price,0.01-0.5 = 60.00; 0.51-1 = 100.00; 1.01-1.5 = 120.00; 1.51-10 = 150.00,ไม่มี,Active,ยาฉีดที่ใช้บ่อย
ยาฉีด,,020000000102,1,Enrofloxacin 100 mg/ml (Inj) (Syvaquinol),(Tx) Enrofloxacin (Syvaquinol) 100 mg/ml (Inj),(Tx) Enrofloxacin (Syvaquinol) 100 mg/ml (Inj),SC,ซีซี,,,ซีซี,ค่ายาฉีด / สารน้ำ,0,0,B - Range price,0.01-0.5 = 60.00; 0.51-1 = 60.00; 1.01-1.5 = 100.00; 1.51-2 = 100.00; 2.01-10 = 150.00,ไม่มี,Active,ยาฉีดที่ใช้บ่อย
ยาฉีด,,010000000001,1,Novaclav (Amoxicillin 140 mg + Calvulanic 35 mg),Novaclav 100 ml,Novaclav 100 ml,SC,ซีซี,,,ซีซี,ค่ายาฉีด / สารน้ำ,0,0,B - Range price,0.01-0.5 = 60.00; 0.51-1 = 100.00; 1.01-1.5 = 120.00; 1.51-10 = 150.00,ไม่มี,Active,ยาฉีดที่ใช้บ่อย
ยาฉีด,,020000000010,1,Marbofloxacin 2% (Marbocyl 2 %) (inj.),Marbocyl 2 %,,SC,ซีซี,,,ซีซี,ค่ายาฉีด / สารน้ำ,0,0,B - Range price,0.01-0.5 = 60.00; 0.51-1 = 100.00; 1.01-1.5 = 120.00; 1.51-10 = 150.00,ไม่มี,Active,ยาฉีดที่ใช้บ่อย
ยาฉีด,,020000000011,1,Metronidazole (Metrolex) (inj.),Metrolex inj,,IV /CRI,ซีซี,Rate    ml/hr,,ซีซี,ค่ายาฉีด / สารน้ำ,0,0,B - Range price,0.01-20 = 100.00; 20.01-30 = 150.00; 30.01-40 = 200.00; 40.01-100 = 250.00,ไม่มี,Active,ยาฉีดที่ใช้บ่อย
ยาฉีด,,010000000303,1,Tx: Meropenem 1g.,Tx: Meropenem 1g.,Tx: Meropenem 1g.,IV,ขวด,,,ขวด,ค่ายาฉีด / สารน้ำ,0,0,A - Unit price,300.00 / ขวด,มี,Active,ยาฉีดที่ใช้บ่อย
ยาฉีด,,020000000127,1,convenia (cefovecin sodium 80 mg./ml),convenia (cefovecin sodium 80 mg./ml),convenia (cefovecin sodium 80 mg./ml),SC,ซีซี,,,ซีซี,ค่ายาฉีด / สารน้ำ,0,0,B - Range price,"0.01-0.3 = 300.00; 0.31-0.5 = 500.00; 0.51-0.8 = 700.00; 0.81-1 = 900.00; 1.01-1.5 = 1,250.00; 1.51-2 = 1,600.00; 2.01-2.5 = 1,950.00; 2.51-3 = 2,300.00; 3.01-3.5 = 2,650.00; 3.51-4 = 3,000.00; 4.01-4.5 = 3,350.00; 4.51-5 = 3,700.00; 5.01-5.5 = 4,050.00; 5.51-6 = 4,400.00; 6.01-6.5 = 4,750.00; 6.51-7 = 5,100.00; 7.01-7.5 = 5,450.00",ไม่มี,Active,ยาฉีดที่ใช้บ่อย
ยาฉีด,,020000000131,1,Amoxicillin 500 mg + Clavulanate 100 mg (cavumox 0.6g) (inj)IV,Amoxicillin 500 mg + Clavulanate 100 mg (cavumox 0.6g) (inj),(cavumox 0.6g) (inj),IV,ขวด,,,ขวด,ค่ายาฉีด / สารน้ำ,0,0,A - Unit price,300.00 / ขวด,ไม่มี,Active,ยาฉีดที่ใช้บ่อย
ยาฉีด,,020000000016,1,Rimadyl (Carprofen),Rimadyl injection,,SC,ซีซี,,,ซีซี,ค่ายาฉีด / สารน้ำ,0,0,B - Range price,0.01-0.5 = 60.00; 0.51-1 = 100.00; 1.01-1.5 = 150.00; 1.51-2 = 200.00; 2.01-3 = 250.00; 3.01-4 = 300.00,ไม่มี,Active,ยาฉีดที่ใช้บ่อย
ยาฉีด,,010000000315,1,Onsior 20mg/ml Inj  SC,,Onsior 20mg/ml Inj  SC,SC,ซีซี,,,ซีซี,ค่ายาฉีด / สารน้ำ,0,0,B - Range price,0.01-0.5 = 80.00; 0.51-1 = 120.00; 1.01-1.5 = 180.00; 1.51-2 = 240.00; 2.01-2.5 = 300.00; 2.51-3 = 360.00; 3.01-3.5 = 420.00; 3.51-4 = 480.00; 4.01-4.5 = 540.00; 4.51-5 = 600.00,ไม่มี,Active,ยาฉีดที่ใช้บ่อย
ยาฉีด,,010000000306,1,Meloxicam inj.,(Tx.) Meloxicam inj.,(Tx.) Meloxicam inj.,SC,ซีซี,,,ซีซี,ค่ายาฉีด / สารน้ำ,0,0,B - Range price,0.01-0.5 = 80.00; 0.51-1 = 150.00; 1.01-1.5 = 200.00; 1.51-2 = 260.00; 2.01-2.5 = 320.00; 2.51-3 = 380.00; 3.01-3.5 = 440.00; 3.51-4 = 500.00,ไม่มี,Active,ยาฉีดที่ใช้บ่อย
ยาฉีด,,020000000019,1,Tolfenamic acid 4% (Tolfedine 4%),Tolfenamic acid 4% (Tolfedine 4%),Tolfenamic acid 4% (Tolfedine 4%),SC,ซีซี,,,ซีซี,ค่ายาฉีด / สารน้ำ,0,0,B - Range price,0.01-0.5 = 60.00; 0.51-1 = 100.00; 1.01-1.5 = 120.00; 1.51-2 = 150.00; 2.01-10 = 150.00,ไม่มี,Active,ยาฉีดที่ใช้บ่อย
ยาฉีด,,020000000024,1,Prednisolone (inj.) IM,Prednisolone injection,,IM,ซีซี,,,ซีซี,ค่ายาฉีด / สารน้ำ,0,0,B - Range price,0.01-0.5 = 50.00; 0.51-1 = 50.00; 1.01-1.5 = 80.00; 1.51-2 = 80.00; 2.01-10 = 100.00,ไม่มี,Active,ยาฉีดที่ใช้บ่อย
ยาฉีด,,020000000023,1,Dexamethasone (inj.),Dexamethasone (inj.),Dexamethasone (inj.),IV,ซีซี,,,ซีซี,ค่ายาฉีด / สารน้ำ,0,0,B - Range price,0.01-0.5 = 50.00; 0.51-1 = 50.00; 1.01-1.5 = 80.00; 1.51-2 = 80.00; 2.01-10 = 100.00,ไม่มี,Active,ยาฉีดที่ใช้บ่อย
ยาฉีด,,020000000020,1,Tramadol (inj.),Tramache,Tramadol injection,IM,ซีซี,,,ซีซี,ค่ายาฉีด / สารน้ำ,0,0,B - Range price,0.01-0.5 = 60.00; 0.51-1 = 100.00; 1.01-1.5 = 150.00; 1.51-2 = 200.00; 2.01-10 = 250.00,ไม่มี,Active,ยาฉีดที่ใช้บ่อย
ยาฉีด,,020000000141,2,fentanyl (injection),fentanyl (injection),fentanyl (injection),IM,ซีซี,,,ซีซี,ค่ายาฉีด / สารน้ำ,0,0,B - Range price,"0.01-1 = 100.00; 1.01-2 = 200.00; 2.01-3 = 300.00; 3.01-4 = 400.00; 4.01-5 = 500.00; 5.01-10 = 600.00; 10.01-15 = 700.00; 15.01-20 = 800.00; 20.01-25 = 900.00; 25.01-30 = 1,000.00; 30.01-40 = 1,200.00; 40.01-50 = 1,300.00; 50.01-60 = 1,400.00; 60.01-70 = 1,500.00; 70.01-80 = 1,600.00; 80.01-90 = 1,700.00; 90.01-100 = 1,800.00",ไม่มี,Active,ยาฉีดที่ใช้บ่อย
ยาฉีด,,020000000021,2,Morphine sulfate (inj.),Morphine sulfate,,IM,ซีซี,,,ซีซี,ค่ายาฉีด / สารน้ำ,0,0,B - Range price,0.01-0.5 = 60.00; 0.51-1 = 100.00; 1.01-2 = 150.00; 2.01-3 = 200.00; 3.01-10 = 250.00,ไม่มี,Active,ยาฉีดที่ใช้บ่อย
ยาฉีด,,020000000055,2,Transamin (Tranex - 250) (inj.),Tranex - 250,Transamin (Tranex - 250) (inj.),IV slow,ซีซี,,,ซีซี,ค่ายาฉีด / สารน้ำ,0,0,B - Range price,0.01-1 = 50.00; 1.01-2 = 80.00; 2.01-3 = 110.00; 3.01-4 = 140.00; 4.01-5 = 170.00; 5.01-10 = 200.00,ไม่มี,Active,ยาฉีดที่ใช้บ่อย
ยาฉีด,,020000000126,1,ondansetron(onsia),ondansetron(onsia),,SC,ซีซี,,,ซีซี,ค่ายาฉีด / สารน้ำ,0.0,0.0,B - Range price,0.01-0.5 = 50.00; 0.51-1 = 80.00; 1.01-2 = 140.00; 2.01-3 = 180.00; 3.01-4 = 220.00; 4.01-5 = 260.00; 5.01-6 = 300.00,ไม่มี,Active,ยาฉีดที่ใช้บ่อย
ยาฉีด,,000000000019,1,cerenia (maropitant 10mg/mL),cerenia (maropitant 10mg/mL),cerenia (maropitant 10mg/mL),SC,ซีซี,,,ซีซี,ค่ายาฉีด / สารน้ำ,0,0,B - Range price,"0.01-0.3 = 150.00; 0.31-0.5 = 200.00; 0.51-0.8 = 275.00; 0.81-1 = 350.00; 1.01-1.5 = 525.00; 1.51-2 = 700.00; 2.01-2.5 = 875.00; 2.51-3 = 1,050.00; 3.01-3.5 = 1,225.00; 3.51-4 = 1,400.00; 4.01-4.5 = 1,575.00; 4.51-5 = 1,750.00",ไม่มี,Active,ยาฉีดที่ใช้บ่อย
ยาฉีด,,020000000047,1,Omeprazole 40 mg (inj.),Omeprazole inj 40 mg,,IV,ซีซี,,,ซีซี,ค่ายาฉีด / สารน้ำ,0,0,B - Range price,0.01-1 = 60.00; 1.01-2 = 80.00; 2.01-10 = 160.00,ไม่มี,Active,ยาฉีดที่ใช้บ่อย
ยาฉีด,,020000000026,1,Acetylcysteine (Flumucil inj 300 mg ) (inj.),Flumucil inj 300 mg,,IV,ซีซี,,,ซีซี,ค่ายาฉีด / สารน้ำ,0,0,B - Range price,0.01-1.5 = 50.00; 1.51-3 = 100.00; 3.01-6 = 150.00; 6.01-9 = 200.00; 9.01-15 = 250.00,ไม่มี,Active,ยาฉีดที่ใช้บ่อย
ยาฉีด,,020000000059,1,Vitamin C (inj) 250 mg/ml,Vitamin C (inj) 250 mg/ml,Vitamin C (inj) 250 mg/ml,IV,ซีซี,,,ซีซี,ค่ายาฉีด / สารน้ำ,0,0,B - Range price,0.01-0.5 = 30.00; 0.51-1 = 50.00; 1.01-2 = 80.00; 2.01-3 = 100.00; 3.01-4 = 100.00; 4.01-10 = 100.00,ไม่มี,Active,ยาฉีดที่ใช้บ่อย
ยาฉีด,,020000000111,1,Infervac 10 ml (กระตุ้นภูมิ),Infervac 10 ml (กระตุ้นภูมิ),Infervac 10 ml (กระตุ้นภูมิ),IV,ซีซี,,,ซีซี,ค่ายาฉีด / สารน้ำ,0,0,A - Unit price,200.00 / ซีซี,ไม่มี,Active,ยาฉีดที่ใช้บ่อย
ยาฉีด,,020000000038,2,Glucose 50 % (inj.),Glucose 50 %,Glucose 50 % (inj.),IV slow,ซีซี,,,ซีซี,ค่ายาฉีด / สารน้ำ,0,0,B - Range price,0.01-10 = 60.00; 10.01-20 = 120.00; 20.01-30 = 180.00; 30.01-40 = 240.00; 40.01-50 = 300.00; 50.01-60 = 360.00; 60.01-70 = 420.00,ไม่มี,Active,ยาฉีดที่ใช้บ่อย
ยาฉีด,,020000000045,1,Metoclopramide (Met - Sil) (inj.),Met - sil inj,,SC,ซีซี,,,ซีซี,ค่ายาฉีด / สารน้ำ,0,0,B - Range price,0.01-0.5 = 30.00; 0.51-1 = 50.00; 1.01-2 = 80.00; 2.01-3 = 100.00; 3.01-4 = 100.00; 4.01-10 = 100.00,ไม่มี,Active,ยาฉีดที่ใช้บ่อย
ยาฉีด,,020000000110,1,Vinblastin 10 ml,Vinblastin 10 ml,Vinblastin 10 ml,IV,ซีซี,,,ซีซี,ค่ายาฉีด / สารน้ำ,0,0,B - Range price,0.01-10 = 800.00,ไม่มี,Active,ยาฉีดที่ใช้บ่อย
ยาฉีด,,020000000014,1,Vincristin (inj.),Vincristin 1 ml,,IV,ซีซี,,,ซีซี,ค่ายาฉีด / สารน้ำ,0,0,B - Range price,0.01-0.3 = 200.00; 0.31-0.6 = 300.00; 0.61-1 = 350.00; 1.01-2 = 400.00,ไม่มี,Active,ยาฉีดที่ใช้บ่อย
ยาฉีด,,020000000028,1,Aminophyline 0.25 gm (inj.),Aminophyline 0.25 gm,,IV,ซีซี,,,ซีซี,ค่ายาฉีด / สารน้ำ,0,0,B - Range price,0.01-10 = 80.00; 10.01-20 = 160.00; 20.01-30 = 240.00; 30.01-40 = 320.00; 40.01-50 = 400.00,ไม่มี,Active,ยาฉีดที่ใช้บ่อย
ยาฉีด,,020000000105,2,Ampicillin 1g/vial (Inj),(Tx) Ampicillin (Inj),(Tx) Ampicillin (Inj),IV,ซีซี,,,ซีซี,ค่ายาฉีด / สารน้ำ,0,0,B - Range price,0.01-0.5 = 60.00; 0.51-1 = 60.00; 1.01-1.5 = 100.00; 1.51-2 = 100.00; 2.01-10 = 150.00,ไม่มี,Active,ยาฉีดที่ใช้บ่อย
ยาฉีด,,020000000129,1,atipam (atipamezole),atipam (atipamezole),atipam (atipamezole),IM,ซีซี,dilute IV,,ซีซี,ค่ายาฉีด / สารน้ำ,0,0,B - Range price,0.01-0.3 = 300.00; 0.31-0.6 = 400.00; 0.61-1 = 500.00,ไม่มี,Active,ยาฉีดที่ใช้บ่อย
ยาฉีด,,020000000115,1,Berenil 7 % 20 ml,Berenil 7 % 20 ml,Berenil 7 % 20 ml,IM,ซีซี,,,ซีซี,ค่ายาฉีด / สารน้ำ,0,0,B - Range price,0.01-1 = 100.00; 1.01-2 = 200.00; 2.01-3 = 300.00; 3.01-4 = 400.00,ไม่มี,Active,ยาฉีดที่ใช้บ่อย
ยาฉีด,,020000000015,1,Butasyl (inj.),Butasyl,,IM,ซีซี,,,ซีซี,ค่ายาฉีด / สารน้ำ,0,0,B - Range price,0.01-0.5 = 30.00; 0.51-1 = 50.00; 1.01-2 = 80.00; 2.01-3 = 110.00; 3.01-4 = 140.00; 4.01-10 = 170.00,ไม่มี,Active,ยาฉีดที่ใช้บ่อย
ยาฉีด,,020000000158,1,Cavumox 1.2g (inj) IV,Amoxicillin  1 g + Clavulanate 200 mg,อัตราส่วน Amoxicillin : Clavulanate คิดเป็น  5:1,IV,ขวด,,,ขวด,ค่ายาฉีด / สารน้ำ,0,0,A - Unit price,500.00 / ขวด,ไม่มี,Active,ยาฉีดที่ใช้บ่อย
ยาฉีด,,020000000002,2,Cefazolin (Cefaben) (inj),Cefaben,,IV,ซีซี,,,ซีซี,ค่ายาฉีด / สารน้ำ,0,0,B - Range price,0.01-1 = 60.00; 1.01-2 = 100.00; 2.01-10 = 150.00,ไม่มี,Active,ยาฉีดที่ใช้บ่อย
ยาฉีด,,020000000003,1,Ceftriaxone 1 g (Trixophin 1 g) (inj.),Trixophin 1 g,,IV,ขวด,,,ขวด,ค่ายาฉีด / สารน้ำ,0,0,A - Unit price,150.00 / ขวด,ไม่มี,Active,ยาฉีดที่ใช้บ่อย
ยาฉีด,,020000000033,1,Chlorpheniramine (CPM) (inj.),Chlorpheniramine 1 ml,,IM,ซีซี,,,ซีซี,ค่ายาฉีด / สารน้ำ,0,0,B - Range price,0.01-0.5 = 30.00; 0.51-1 = 50.00; 1.01-2 = 80.00; 2.01-3 = 100.00; 3.01-4 = 100.00; 4.01-10 = 100.00,ไม่มี,Active,ยาฉีดที่ใช้บ่อย
ยาฉีด,,000000000024,1,Cytopoint 40 mg/ml (lokivetmabi),Cytopoint,Cytopoint,SC,ขวด,,,ขวด,ค่ายาฉีด / สารน้ำ,0.0,0.0,B - Range price,"0.01-0.25 = 2,000.00; 0.26-0.5 = 2,500.00; 0.51-0.75 = 3,500.00; 0.76-1 = 4,000.00",ไม่มี,Active,ยาฉีดที่ใช้บ่อย
ยาฉีด,,020000000066,1,Dexdomitor (inj.),Dexdomitor,,IM,ซีซี,,,ซีซี,ค่ายาฉีด / สารน้ำ,0,0,A - Unit price,500.00 / ซีซี,ไม่มี,Active,ยาฉีดที่ใช้บ่อย
ยาฉีด,,020000000134,1,dimenhydrinate(divomit),dimenhydrinate(divomit),dimenhydrinate(divomit),IM,ซีซี,,,ซีซี,ค่ายาฉีด / สารน้ำ,0,0,C - Divide factor price,50.00 / 1,ไม่มี,Active,ยาฉีดที่ใช้บ่อย
ยาฉีด,,020000000017,1,Dipyrone (inj.) (novacilan),Dipyrone (novacilan),Novacilan,IM,ซีซี,,,ซีซี,ค่ายาฉีด / สารน้ำ,0,0,B - Range price,0.01-0.5 = 50.00; 0.51-1 = 50.00; 1.01-1.5 = 80.00; 1.51-2 = 80.00; 2.01-10 = 100.00,ไม่มี,Active,ยาฉีดที่ใช้บ่อย
ยาฉีด,,020000000161,1,Doxorubicin 50mg/25ml (inj.),Doxorubicin,Doxorubicin,IV CRI,ขวด,Rate    ml/hr,,ขวด,ค่ายาฉีด / สารน้ำ,0.0,0.0,C - Divide factor price,700.00 / 1,ไม่มี,Active,ยาฉีดที่ใช้บ่อย
ยาฉีด,,020000000018,1,Flunixin Meglumine (inj.),Finadyne,Flunixin Meglumine (inj.),SC,ซีซี,,,ซีซี,ค่ายาฉีด / สารน้ำ,0,0,B - Range price,0.01-0.5 = 50.00; 0.51-1 = 50.00; 1.01-1.5 = 80.00; 1.51-2 = 80.00; 2.01-10 = 100.00,ไม่มี,Active,ยาฉีดที่ใช้บ่อย
ยาฉีด,,020000000036,1,Furosemide 10 mg/ml (inj.),Furosemide 10 mg/ml,,IV,ซีซี,,,ซีซี,ค่ายาฉีด / สารน้ำ,0,0,B - Range price,0.01-0.5 = 30.00; 0.51-1 = 50.00; 1.01-2 = 80.00; 2.01-3 = 100.00; 3.01-4 = 100.00; 4.01-10 = 100.00,ไม่มี,Active,ยาฉีดที่ใช้บ่อย
ยาฉีด,,020000000100,1,Gentamycin (inj),Gentamycin (inj),Gentamycin (inj),Nebulized,ซีซี,Dilute with NSS to a total volume of 20cc,,ซีซี,ค่ายาฉีด / สารน้ำ,0,0,B - Range price,0.01-0.5 = 60.00; 0.51-1 = 60.00; 1.01-1.5 = 100.00; 1.51-2 = 100.00; 2.01-10 = 150.00,ไม่มี,Active,ยาฉีดที่ใช้บ่อย
ยาฉีด,,020000000039,1,Hemaccele (inj.)(Gelofusine)ขายยกขวด,Hemaccele(Gelofusine),,IV,กระปุก,,,กระปุก,ค่ายาฉีด / สารน้ำ,0,0,B - Range price,0.01-500 = 500.00,ไม่มี,Active,ยาฉีดที่ใช้บ่อย
ยาฉีด,,020000000040,1,Heparin (inj.),Heparin (5 ml/ขวด),,IV,ซีซี,,,ซีซี,ค่ายาฉีด / สารน้ำ,0,0,B - Range price,0.01-1 = 120.00; 1.01-2 = 200.00; 2.01-3 = 280.00,ไม่มี,Active,ยาฉีดที่ใช้บ่อย
ยาฉีด,,020000000074,1,Insugen-R (Regular) (inj.),Insugen-R (Regular),,IM / SC,ซีซี,,,ซีซี,ค่ายาฉีด / สารน้ำ,0,0,B - Range price,0.01-1 = 100.00; 1.01-2 = 200.00,ไม่มี,Active,ยาฉีดที่ใช้บ่อย
ยาฉีด,,020000000081,2,Iohexal (Omnipaque 300) (inj.),Omnipaque 300,,,ซีซี,Dilute with NSS to a total volume of …...cc,,ซีซี,ค่ายาฉีด / สารน้ำ,0,0,B - Range price,0.01-3 = 100.00; 3.01-4 = 130.00; 4.01-5 = 160.00; 5.01-6 = 190.00; 6.01-7 = 220.00; 7.01-8 = 250.00; 8.01-9 = 280.00,ไม่มี,Active,ยาฉีดที่ใช้บ่อย
ยาฉีด,,020000000155,1,L-asparaginase  *เคมีบำบัด ม.กึ้ง*,,L-asparaginase,SC,ขวด,,,ขวด,ค่ายาฉีด / สารน้ำ,0,0,A - Unit price,"1,600.00 / ขวด",ไม่มี,Active,ยาฉีดที่ใช้บ่อย
ยาฉีด,,020000000042,1,Laurabolin (inj.),Laurabolin (10 ml/ขวด),,SC,ซีซี,,,ซีซี,ค่ายาฉีด / สารน้ำ,0,0,B - Range price,0.01-0.5 = 80.00; 0.51-1 = 100.00; 1.01-1.5 = 150.00; 1.51-2 = 200.00; 2.01-2.5 = 250.00,ไม่มี,Active,ยาฉีดที่ใช้บ่อย
ยาฉีด,,020000000154,1,Librela (bedinvetmab30mg/ml) For dog,Librela,Librela,SC,ขวด,,,ขวด,ค่ายาฉีด / สารน้ำ,0,0,C - Divide factor price,"4,200.00 / 1",ไม่มี,Active,ยาฉีดที่ใช้บ่อย
ยาฉีด,,020000000044,1,Manitol 20 % 500 ml (inj.),Manitol 20 % 500 ml,,IV,ซีซี,,,ซีซี,ค่ายาฉีด / สารน้ำ,0,0,B - Range price,0.01-20 = 100.00; 20.01-30 = 150.00; 30.01-40 = 200.00; 40.01-50 = 250.00; 50.01-60 = 300.00; 60.01-70 = 350.00; 70.01-500 = 400.00,ไม่มี,Active,ยาฉีดที่ใช้บ่อย
ยาฉีด,,020000000130,1,medetomidine (sedator),medetomidine (sedator),medetomidine (sedator),IM,ซีซี,,,ซีซี,ค่ายาฉีด / สารน้ำ,0,0,B - Range price,0.01-0.3 = 300.00; 0.31-0.6 = 400.00; 0.61-1 = 500.00,ไม่มี,Active,ยาฉีดที่ใช้บ่อย
ยาฉีด,,020000000114,1,Niketamine,(Tx) Niketamine,(Tx) Niketamine,IV,ซีซี,dilute IV,,ซีซี,ค่ายาฉีด / สารน้ำ,0,0,B - Range price,0.01-0.5 = 30.00; 0.51-1 = 50.00; 1.01-2 = 80.00; 2.01-3 = 100.00; 3.01-4 = 100.00; 4.01-10 = 100.00,ไม่มี,Active,ยาฉีดที่ใช้บ่อย
ยาฉีด,,020000000160,1,Norepinephrine inj,,Norepinephrine,IV,ซีซี,,,ซีซี,ค่ายาฉีด / สารน้ำ,0,0,B - Range price,0.01-10 = 100.00; 10.01-20 = 200.00; 20.1-30 = 300.00,ไม่มี,Active,ยาฉีดที่ใช้บ่อย
ยาฉีด,,020000000106,1,Oxytetracyclin as HCL and Lidocain 40 mg/2ml (Oxytet)(Inj),(Tx) Oxytetracyclin (Inj),(Tx) Oxytetracyclin (Inj),IM,ซีซี,,,ซีซี,ค่ายาฉีด / สารน้ำ,0,0,B - Range price,0.01-0.5 = 60.00; 0.51-1 = 60.00; 1.01-1.5 = 100.00; 1.51-2 = 100.00; 2.01-10 = 150.00,ไม่มี,Active,ยาฉีดที่ใช้บ่อย
ยาฉีด,,020000000079,1,Oxytocin (inj.),Oxytocin,,IM /SC,ซีซี,,,ซีซี,ค่ายาฉีด / สารน้ำ,0,0,B - Range price,0.01-1 = 100.00; 1.01-2 = 200.00,ไม่มี,Active,ยาฉีดที่ใช้บ่อย
ยาฉีด,,010000000142,1,Retromed *แบบแบ่งขาย* SC/PO,MAP30,Retromed /ยาเสริมภูมิต้านไวรัส,SC / PO,ซีซี,,,ซีซี,ค่ายาฉีด / สารน้ำ,0,0,B - Range price,0.01-1 = 150.00; 1.01-2 = 300.00; 2.01-3 = 450.00; 3.01-4 = 600.00; 4.01-5 = 750.00,มี,Active,ยาฉีดที่ใช้บ่อย
ยาฉีด,,020000000143,1,Shotapen (benzylpenicillin+streptomycin),Shotapen (benzylpenicillin+streptomycin),Shotapen (benzylpenicillin+streptomycin),SC,ซีซี,,,ซีซี,ค่ายาฉีด / สารน้ำ,0,0,B - Range price,0.01-1 = 50.00; 1.01-2 = 80.00; 2.01-3 = 100.00; 3.01-4 = 120.00; 4.01-5 = 140.00; 5.01-6 = 160.00; 6.01-7 = 180.00,ไม่มี,Active,ยาฉีดที่ใช้บ่อย
ยาฉีด,,020000000054,1,Sterile water (inj.),Sterile water,,IV,Ampule,,,Ampule,ค่ายาฉีด / สารน้ำ,0,0,A - Unit price,50.00 / Ampule,ไม่มี,Active,ยาฉีดที่ใช้บ่อย
ยาฉีด,,020000000101,1,Sulfa-Trimethropim 240 mg/ml (STMP) (Inj),(Tx) Sulfa-Trimethropim 240 mg/ml (STMP) (Inj),(Tx) Sulfa-Trimethropim 240 mg/ml (STMP) (Inj),IM,ซีซี,,,ซีซี,ค่ายาฉีด / สารน้ำ,0,0,B - Range price,0.01-0.5 = 60.00; 0.51-1 = 60.00; 1.01-1.5 = 100.00; 1.51-2 = 100.00; 2.01-10 = 150.00,ไม่มี,Active,ยาฉีดที่ใช้บ่อย
ยาฉีด,,050000000171,1,Tx:Amioplasmal 500 ml.(parenteral amino acid),Tx:Amioplasmal 500 ml.(parenteral amino acid),Tx:Amioplasmal 500 ml.(parenteral amino acid),IV,ขวด,,,ขวด,ค่ายาฉีด / สารน้ำ,0,0,A - Unit price,800.00 / ขวด,ไม่มี,Active,ยาฉีดที่ใช้บ่อย
ยาฉีด,,020000000151,1,Tx:Clexane (Enoxaparine 8000 IU/0.8ml),Clexane (Enoxaparine 8000 IU/0.8ml),Clexane (Enoxaparine 8000 IU/0.8ml),SC,หลอด,,,หลอด,ค่ายาฉีด / สารน้ำ,0.0,0.0,A - Unit price,500.00 / หลอด; 500.00 / หลอด,ไม่มี,Active,ยาฉีดที่ใช้บ่อย
ยาฉีด,,020000000136,1,virbagen injection (TX),(Tx) virbagen injection,(Tx) virbagen injection,PO,ซีซี,,,ซีซี,ค่ายาฉีด / สารน้ำ,0,0,C - Divide factor price,250.00 / 0.05,ไม่มี,Active,ยาฉีดที่ใช้บ่อย
ยาฉีด,,020000000062,1,Vitamin ADE,Vitamin ADE,Vitamin ADE,IM,ซีซี,,,ซีซี,ค่ายาฉีด / สารน้ำ,0,0,B - Range price,0.01-0.5 = 80.00; 0.51-1 = 80.00; 1.01-2 = 120.00; 2.01-10 = 160.00,ไม่มี,Active,ยาฉีดที่ใช้บ่อย
ยาฉีด,,020000000117,1,Vitamin B complex,(Tx) Vitamin B complex,(Tx) Vitamin B complex,SC,ซีซี,,,ซีซี,ค่ายาฉีด / สารน้ำ,0,0,B - Range price,0.01-0.5 = 30.00; 0.51-1 = 50.00; 1.01-2 = 80.00; 2.01-3 = 100.00; 3.01-4 = 100.00; 4.01-10 = 100.00,ไม่มี,Active,ยาฉีดที่ใช้บ่อย
ยาฉีด,,020000000061,1,Vitamin K1 (10 mg/ml),Vitamin K1 (10 mg/ml),Vitamin K1 (10 mg/ml),SC,ซีซี,,,ซีซี,ค่ายาฉีด / สารน้ำ,0,0,A - Unit price,100.00 / ซีซี,ไม่มี,Active,ยาฉีดที่ใช้บ่อย
ยาฉีด,,020000000116,1,Yohimbin (Inj),(Tx) Yohimbin (Inj),(Tx) Yohimbin (Inj),slow IV/IM,ซีซี,,,ซีซี,ค่ายาฉีด / สารน้ำ,0,0,B - Range price,0.01-0.5 = 60.00; 0.51-1 = 100.00; 1.01-1.5 = 120.00; 1.51-2 = 150.00; 2.01-2.5 = 150.00,ไม่มี,Active,ยาฉีดที่ใช้บ่อย
ยาฉีด,,020000000022,1,Vescopolamine (Hyoscine) (inj.),Hyoscine,,IM,ซีซี,,,ซีซี,ค่ายาฉีด / สารน้ำ,0,0,B - Range price,0.01-0.5 = 50.00; 0.51-1 = 50.00; 1.01-1.5 = 80.00; 1.51-2 = 80.00; 2.01-10 = 100.00,ไม่มี,Active,ยาฉีดที่ใช้บ่อย
วัคซีน,,020000000091,1,Rabies vaccine (Rabisin) วัคซีนพิษสุนัขบ้า,Rabisin,วัคซีนพิษสุนัขบ้า,SC,dose,,,dose,ค่าวัคซีน,0,0,A - Unit price,60.00 / dose,ไม่มี,Active,วัคซีน
วัคซีน,,020000000092,1,Vanguard HTLP 5/CV-L vaccine (วัคซีนรวม 5 โรค),Vanguard HTLP 5/CV-L,วัคซีนรวม 5 โรค,SC,dose,,,dose,ค่าวัคซีน,0,0,A - Unit price,200.00 / dose,ไม่มี,Active,วัคซีน
วัคซีน,,020000000094,1,Feline Rhinotracheitis-Calici-Panleukopenia-Chlamydia Psittaci vaccine (Novibac:Feline 1-HCPCh) วัคซีนไข้หัด-หวัดแมว,Novibac:Feline 1-HCPCh,วัคซีนไข้หัด-หวัดแมว,SC,dose,,,dose,ค่าวัคซีน,0,0,A - Unit price,200.00 / dose,ไม่มี,Active,วัคซีน
วัคซีน,,020000000095,1,Feline Leukemia vaccine (Nobivac:Feline 2-FeLV) วัคซีนลิวคีเมีย,Nobivac:Feline 2-FeLV,วัคซีนลิวคีเมีย,SC,dose,,,dose,ค่าวัคซีน,0,0,A - Unit price,300.00 / dose,ไม่มี,Active,วัคซีน
วัคซีน,,020000000041,1,Ivermectin (inj.) (IVM),Ivermectin (100 ml/ขวด),,SC,ซีซี,,,ซีซี,ค่ายาฉีด / สารน้ำ,0,0,B - Range price,0.01-1 = 120.00; 1.01-2 = 170.00; 2.01-3 = 220.00; 3.01-4 = 270.00; 4.01-5 = 320.00; 5.01-6 = 370.00,ไม่มี,Active,วัคซีน
วัคซีน,,010000000184,1,Pyrapam syrub (Pyrantel),Pyrapam syrub,Pyrapam syrub (ถ่ายพยาธิ),PO,ซีซี,,,ซีซี,ค่ายาฉีด / สารน้ำ,0,0,B - Range price,0.01-1 = 30.00; 1.01-2 = 40.00; 2.01-3 = 50.00,มี,Active,วัคซีน
ผ่าตัด,,030000000005,2,ค่าผ่าตัด,ค่าผ่าตัด,ค่าผ่าตัด,,บาท,,,บาท,ค่าผ่าตัด,0,0,A - Unit price,1.00 / บาท,ไม่มี,Active,ผ่าตัด และวางยา
ผ่าตัด,,030000000082,1,ค่าบริการศัลยกรรม,ค่าบริการศัลยกรรม,ค่าบริการศัลยกรรม,,บาท,,,บาท,ค่าบริการทางการแพทย์,0.0,0.0,A - Unit price,1.00 / บาท; 1.00 / บาท,ไม่มี,Active,ผ่าตัด และวางยา
ผ่าตัด,,030000000076,1,ค่าบริการผ่าตัดนอกเวลาราชการ,ค่าบริการผ่าตัดนอกเวลาราชการ,ค่าบริกาผ่ารตัดนอกเวลาราชการ,,บาท,,,บาท,ค่าบริการทางการแพทย์,0.0,0.0,A - Unit price,1.00 / บาท; 1.00 / บาท,ไม่มี,Active,ผ่าตัด และวางยา
ผ่าตัด,,030000000079,1,ค่าบริการผ่าตัดฉุกเฉินนอกเวลาราชการ,ค่าบริการผ่าตัดฉุกเฉินนอกเวลาราชการ,ค่าบริการผ่าตัดฉุกเฉินนอกเวลาราชการ,,ครั้ง,,,ครั้ง,ค่าบริการทางการแพทย์,0.0,0.0,A - Unit price,500.00 / ครั้ง; 500.00 / ครั้ง,ไม่มี,Active,ผ่าตัด และวางยา
ผ่าตัด,,020000000124,1,วางยาสลบแมวด้วยยาฉีด,วางยาสลบแมวด้วยยาฉีด,วางยาสลบแมวด้วยยาฉีด,,กิโลกรัม,,,กิโลกรัม,ค่ายาฉีด / สารน้ำ,0.0,0.0,B - Range price,1-5 = 300.00; 5.01-10 = 350.00; 1-5 = 300.00; 5.01-10 = 350.00,ไม่มี,Active,ผ่าตัด และวางยา
ผ่าตัด,,020000000125,1,วางยาสลบสุนัขด้วยยาฉีด,วางยาสลบสุนัขด้วยยาฉีด,วางยาสลบสุนัขด้วยยาฉีด,,กิโลกรัม,,,กิโลกรัม,ค่ายาฉีด / สารน้ำ,0.0,0.0,B - Range price,0.01-10 = 400.00; 10.01-20 = 450.00; 20.01-40 = 500.00; 40.01-80 = 550.00; 0.01-10 = 400.00; 10.01-20 = 450.00; 20.01-40 = 500.00; 40.01-80 = 550.00,ไม่มี,Active,ผ่าตัด และวางยา
ผ่าตัด,,030000000084,1,ค่าหัตถการส่องกล้อง (endoscope),ค่าหัตถการส่องกล้อง (endoscope),ค่าหัตถการส่องกล้อง (endoscope),,บาท,,,บาท,ค่าตรวจวินิจฉัยส่องกล้อง,0,0,A - Unit price,1.00 / บาท,ไม่มี,Active,ผ่าตัด และวางยา
ผ่าตัด,,020000000152,1,Midazolam inj (ยานำสลบ),,Midazolam inj,IV,ซีซี,,,ซีซี,ค่ายาฉีด / สารน้ำ,0.0,0.0,B - Range price,0.01-0.5 = 100.00; 0.51-1 = 150.00; 1.01-2 = 200.00; 2.01-2.5 = 250.00; 2.51-3 = 300.00; 3.01-3.5 = 350.00; 3.51-4 = 400.00; 4.01-4.5 = 450.00; 4.51-5 = 500.00; 0.01-0.5 = 100.00; 0.51-1 = 150.00; 1.01-2 = 200.00; 2.01-2.5 = 250.00; 2.51-3 = 300.00; 3.01-3.5 = 350.00; 3.51-4 = 400.00; 4.01-4.5 = 450.00; 4.51-5 = 500.00,ไม่มี,Active,ผ่าตัด และวางยา
ผ่าตัด,,020000000034,2,Diazepam (inj.),Diazepam,,IV/PR,ซีซี,,,ซีซี,ค่ายาฉีด / สารน้ำ,0,0,B - Range price,0.01-0.5 = 30.00; 0.51-1 = 50.00; 1.01-2 = 80.00; 2.01-3 = 100.00; 3.01-4 = 100.00; 4.01-10 = 100.00,ไม่มี,Active,ผ่าตัด และวางยา
ผ่าตัด,,020000000069,2,Propofol (inj.),Propofol,,IV,ซีซี,,,ซีซี,ค่ายาฉีด / สารน้ำ,0,0,C - Divide factor price,200.00 / 20,ไม่มี,Active,ผ่าตัด และวางยา
ผ่าตัด,,020000000067,1,Isofurane (ยาดมสลบ),Isofurane (250 ml/ขวด),,IH,ชั่วโมง,,,ชั่วโมง,ค่ายาฉีด / สารน้ำ,0.0,0.0,B - Range price,"0.01-1 = 750.00; 1.01-1.5 = 1,050.00; 1.51-2 = 1,350.00; 2.01-3 = 1,650.00; 3.01-4 = 1,950.00; 4.01-5 = 2,250.00; 0.01-1 = 750.00; 1.01-1.5 = 1,050.00; 1.51-2 = 1,350.00; 2.01-3 = 1,650.00; 3.01-4 = 1,950.00; 4.01-5 = 2,250.00",ไม่มี,Active,ผ่าตัด และวางยา
ผ่าตัด,,020000000153,1,Sevoflurane,,Sevoflurane,IH,ชั่วโมง,,,ชั่วโมง,ค่ายาฉีด / สารน้ำ,0.0,0.0,B - Range price,"0.01-1 = 1,500.00; 1.01-1.5 = 2,000.00; 1.51-2 = 2,500.00; 2.01-2.5 = 3,000.00; 2.51-3 = 3,500.00; 3.01-3.5 = 4,000.00; 3.51-4 = 4,500.00; 4.01-4.5 = 5,000.00; 4.51-5 = 5,500.00; 5.01-5.5 = 6,000.00; 5.51-6 = 6,500.00; 0.01-1 = 1,500.00; 1.01-1.5 = 2,000.00; 1.51-2 = 2,500.00; 2.01-2.5 = 3,000.00; 2.51-3 = 3,500.00; 3.01-3.5 = 4,000.00; 3.51-4 = 4,500.00; 4.01-4.5 = 5,000.00; 4.51-5 = 5,500.00; 5.01-5.5 = 6,000.00; 5.51-6 = 6,500.00",ไม่มี,Active,ผ่าตัด และวางยา
ผ่าตัด,,020000000118,1,Lidocaine 2 %,(Tx) Lidocaine 2 %,(Tx) Lidocaine 2 %,epidural/regional,ซีซี,,อาจเกิด hypotension,ซีซี,ค่ายาฉีด / สารน้ำ,0,0,B - Range price,0.01-1 = 50.00; 1.01-2 = 80.00; 2.01-3 = 100.00; 3.01-4 = 100.00; 4.01-5 = 100.00,ไม่มี,Active,ผ่าตัด และวางยา
ผ่าตัด,,020000000065,1,Bupivacaine 5 mg (Marcaine Spinal Heavy 5 mg) (inj.),Marcaine Spinal Heavy 5 mg,,,ซีซี,,อาจเกิด hypotension,ซีซี,ค่ายาฉีด / สารน้ำ,0.0,0.0,B - Range price,0.01-10 = 200.00; 10.01-20 = 400.00; 0.01-10 = 200.00; 10.01-20 = 400.00,ไม่มี,Active,ผ่าตัด และวางยา
ผ่าตัด,,050000000020,1,เข็มฉีดยาเข้าไขสันหลัง (Spinal needle g23 1/2),Spinal needle g23 1/2,Spinal needle g23 1/2,,อัน,,,อัน,ค่าเวชภัณฑ์ / วัสดุการแพทย์,0.0,0.0,A - Unit price,60.00 / อัน; 60.00 / อัน,ไม่มี,Active,ผ่าตัด และวางยา
ผ่าตัด,,020000000068,1,Ketamine 50 mg (inj.),Ketamine 50 mg,,IM,ซีซี,dilute IV,ทำให้ seizure threshould ลดลง,ซีซี,ค่ายาฉีด / สารน้ำ,0,0,B - Range price,0.01-1 = 100.00; 1.01-2 = 200.00; 2.01-3 = 300.00; 3.01-4 = 400.00; 4.01-5 = 500.00; 5.01-6 = 600.00; 6.01-7 = 700.00,ไม่มี,Active,ผ่าตัด และวางยา
ผ่าตัด,,020000000107,1,Xylazine (Inj),(Tx) Xylazine (Inj),(Tx) Xylazine (Inj),IM,ซีซี,,ทำให้คลื่นไส้อาเจียนได้,ซีซี,ค่ายาฉีด / สารน้ำ,0,0,B - Range price,0.01-0.5 = 50.00; 0.51-1 = 100.00; 1.01-2 = 150.00; 4.01-5 = 200.00,ไม่มี,Active,ผ่าตัด และวางยา
ผ่าตัด,,020000000105,2,Ampicillin 1g/vial (Inj),(Tx) Ampicillin (Inj),(Tx) Ampicillin (Inj),IV,ซีซี,q2h,,ซีซี,ค่ายาฉีด / สารน้ำ,0,0,B - Range price,0.01-0.5 = 60.00; 0.51-1 = 60.00; 1.01-1.5 = 100.00; 1.51-2 = 100.00; 2.01-10 = 150.00,ไม่มี,Active,ผ่าตัด และวางยา
ผ่าตัด,,020000000141,2,fentanyl (injection),fentanyl (injection),fentanyl (injection),IM,ซีซี,IV,,ซีซี,ค่ายาฉีด / สารน้ำ,0,0,B - Range price,"0.01-1 = 100.00; 1.01-2 = 200.00; 2.01-3 = 300.00; 3.01-4 = 400.00; 4.01-5 = 500.00; 5.01-10 = 600.00; 10.01-15 = 700.00; 15.01-20 = 800.00; 20.01-25 = 900.00; 25.01-30 = 1,000.00; 30.01-40 = 1,200.00; 40.01-50 = 1,300.00; 50.01-60 = 1,400.00; 60.01-70 = 1,500.00; 70.01-80 = 1,600.00; 80.01-90 = 1,700.00; 90.01-100 = 1,800.00",ไม่มี,Active,ผ่าตัด และวางยา
ผ่าตัด,,020000000002,2,Cefazolin (Cefaben) (inj),Cefaben,,IV,ซีซี,q90min,,ซีซี,ค่ายาฉีด / สารน้ำ,0,0,B - Range price,0.01-1 = 60.00; 1.01-2 = 100.00; 2.01-10 = 150.00,ไม่มี,Active,ผ่าตัด และวางยา
ผ่าตัด,,020000000021,2,Morphine sulfate (inj.),Morphine sulfate,,IM,ซีซี,,ทำให้คลื่นไส้อาเจียนได้,ซีซี,ค่ายาฉีด / สารน้ำ,0,0,B - Range price,0.01-0.5 = 60.00; 0.51-1 = 100.00; 1.01-2 = 150.00; 2.01-3 = 200.00; 3.01-10 = 250.00,ไม่มี,Active,ผ่าตัด และวางยา
ผ่าตัด,,020000000070,1,Xylocaine 2 % (inj.),Xylocaine 2 %,,regional,ซีซี,,,ซีซี,ค่ายาฉีด / สารน้ำ,0,0,B - Range price,0.01-1 = 100.00; 1.01-2 = 180.00; 2.01-3 = 260.00; 3.01-4 = 340.00; 4.01-5 = 420.00,ไม่มี,Active,ผ่าตัด และวางยา
ผ่าตัด,,020000000077,1,Zoletil 100 (VAC),Zoletil 100 (5 ml / ขวด),Zoletil 100,IM,ซีซี,dilute IV,,ซีซี,ค่ายาฉีด / สารน้ำ,0,0,B - Range price,"0.01-0.3 = 200.00; 0.31-0.5 = 300.00; 0.51-1 = 500.00; 1.01-1.5 = 800.00; 1.51-2 = 1,000.00; 2.01-5 = 1,500.00",ไม่มี,Active,ผ่าตัด และวางยา
วัสดุผ่าตัด,,050000000088,1,(Sx) Nylon 2/0 (24 mm.),Nylon 2/0 (24 mm.),Nylon 2/0 (24 mm.),,ซอง,,,ซอง,ค่าเวชภัณฑ์ / วัสดุการแพทย์,0.0,0.0,A - Unit price,100.00 / ซอง; 100.00 / ซอง,ไม่มี,Active,วัสดุผ่าตัด
วัสดุผ่าตัด,,050000000089,1,(Sx) Nylon 2/0 (39 mm.),Nylon 2/0 (39 mm.),Nylon 2/0 (39 mm.),,ซอง,,,ซอง,ค่าเวชภัณฑ์ / วัสดุการแพทย์,0.0,0.0,A - Unit price,100.00 / ซอง; 100.00 / ซอง,ไม่มี,Active,วัสดุผ่าตัด
วัสดุผ่าตัด,,050000000090,1,(Sx) Nylon 3/0 (24 mm.),Nylon 3/0 (24 mm.),Nylon 3/0 (24 mm.),,ซอง,,,ซอง,ค่าเวชภัณฑ์ / วัสดุการแพทย์,0.0,0.0,A - Unit price,100.00 / ซอง; 100.00 / ซอง,ไม่มี,Active,วัสดุผ่าตัด
วัสดุผ่าตัด,,050000000091,1,(Sx) Nylon 4/0 (19 mm.),Nylon 4/0 (19 mm.),Nylon 4/0 (19 mm.),,ซอง,,,ซอง,ค่าเวชภัณฑ์ / วัสดุการแพทย์,0.0,0.0,A - Unit price,100.00 / ซอง; 100.00 / ซอง,ไม่มี,Active,วัสดุผ่าตัด
วัสดุผ่าตัด,,050000000099,1,(Sx) Maxon 2/0,Maxon 2/0,Maxon 2/0,,ซอง,,,ซอง,ค่าเวชภัณฑ์ / วัสดุการแพทย์,0.0,0.0,A - Unit price,200.00 / ซอง; 200.00 / ซอง,ไม่มี,Active,วัสดุผ่าตัด
วัสดุผ่าตัด,,050000000100,1,(Sx) Maxon 3/0,Maxon 3/0,Maxon 3/0,,ซอง,,,ซอง,ค่าเวชภัณฑ์ / วัสดุการแพทย์,0.0,0.0,A - Unit price,250.00 / ซอง; 250.00 / ซอง,ไม่มี,Active,วัสดุผ่าตัด
วัสดุผ่าตัด,,050000000150,1,Maxon 6/0,Maxon 6/0,Maxon 6/0,,ห่อ,,,ห่อ,ค่าเวชภัณฑ์ / วัสดุการแพทย์,0.0,0.0,A - Unit price,400.00 / ห่อ; 400.00 / ห่อ,ไม่มี,Active,วัสดุผ่าตัด
วัสดุผ่าตัด,,050000000103,1,Monoplus 3-0,,Monoplus 3-0,,ซอง,,,ซอง,ค่าเวชภัณฑ์ / วัสดุการแพทย์,0.0,0.0,A - Unit price,350.00 / ซอง; 350.00 / ซอง,ไม่มี,Active,วัสดุผ่าตัด
วัสดุผ่าตัด,,050000000104,1,(Sx) Monosyn 3/0 (cutting),Monosyn 3/0 (cutting),Monosyn 3/0 (cutting),,ซอง,,,ซอง,ค่าเวชภัณฑ์ / วัสดุการแพทย์,0.0,0.0,A - Unit price,300.00 / ซอง; 300.00 / ซอง,ไม่มี,Active,วัสดุผ่าตัด
วัสดุผ่าตัด,,050000000105,1,Monosyn Quick 4/0,,Monosyn Quick 4/0,,ซอง,,,ซอง,ค่าเวชภัณฑ์ / วัสดุการแพทย์,0.0,0.0,A - Unit price,200.00 / ซอง; 200.00 / ซอง,ไม่มี,Active,วัสดุผ่าตัด
วัสดุผ่าตัด,,050000000177,1,Monoplus 4-0,Monoplus 4-0,Monoplus 4-0,,ซอง,,,ซอง,ค่าเวชภัณฑ์ / วัสดุการแพทย์,0.0,0.0,A - Unit price,350.00 / ซอง; 350.00 / ซอง,ไม่มี,Active,วัสดุผ่าตัด
วัสดุผ่าตัด,,050000000178,1,Monoplus 5-0,Monoplus 5-0,Monoplus 5-0,,ซอง,,,ซอง,ค่าเวชภัณฑ์ / วัสดุการแพทย์,0.0,0.0,A - Unit price,350.00 / ซอง; 350.00 / ซอง,ไม่มี,Active,วัสดุผ่าตัด
วัสดุผ่าตัด,,050000000170,2,abdominal gauze 12x12,abdominal gauze 12x12,abdominal gauze 12x12,,แผ่น,,,แผ่น,ค่าเวชภัณฑ์ / วัสดุการแพทย์,0.0,0.0,A - Unit price,60.00 / แผ่น; 60.00 / แผ่น,ไม่มี,Active,วัสดุผ่าตัด
วัสดุผ่าตัด,,050000000083,1,ท่อเดรน (Penrose),Penrose,Penrose,,ชิ้น,,,ชิ้น,ค่าเวชภัณฑ์ / วัสดุการแพทย์,0.0,0.0,A - Unit price,50.00 / ชิ้น; 50.00 / ชิ้น,ไม่มี,Active,วัสดุผ่าตัด
วัสดุผ่าตัด,,050000000132,1,Saline Irrigate 500 ml (น้ำเกลือล้างแผล),Saline Irrigate 500 ml (น้ำเกลือล้างแผล),Saline Irrigate 500 ml (น้ำเกลือล้างแผล),,ขวด,,,ขวด,ค่ายานำกลับ,0,0,A - Unit price,75.00 / ขวด,มี,Active,วัสดุผ่าตัด
วัสดุผ่าตัด,,050000000147,3,Irrigation 1000 ml (Saline Irrigate 1000 ml) สำหรับล้างท้อง,Saline Irrigate 1000 ml สำหรับล้างท้อง,Saline Irrigate 1000 ml,,ขวด,,,ขวด,ค่ายาฉีด / สารน้ำ,0,0,A - Unit price,100.00 / ขวด,ไม่มี,Active,วัสดุผ่าตัด
วัสดุผ่าตัด,,030000000089,1,เครื่องจี้ห้ามเลือด (Electrocautery),,เครื่องจี้ห้ามเลือด,,ครั้ง,,,ครั้ง,ค่าหัตถการ,0,0,A - Unit price,500.00 / ครั้ง,ไม่มี,Active,วัสดุผ่าตัด
วัสดุผ่าตัด,,030000000092,1,เครื่องจี้ตาด้วยความเย็น (Cyo),,เครื่องจี้ตาด้วยความเย็น (Cyo),,บาท,,,บาท,ค่าหัตถการ,0,0,A - Unit price,1.00 / บาท,ไม่มี,Active,วัสดุผ่าตัด
วัสดุผ่าตัด,,050000000004,2,ปลอกคอกันเลียเบอร์ 7.5 (Collar No. 7.5),Collar No. 7.5,Collar No. 7.5,,อัน,,,อัน,ค่าเวชภัณฑ์ / วัสดุการแพทย์,0.0,0.0,A - Unit price,130.00 / อัน; 130.00 / อัน,ไม่มี,Active,วัสดุผ่าตัด
วัสดุผ่าตัด,,050000000005,2,ปลอกคอกันเลียเบอร์ 10 (Collar No.10),Collar No.10,Collar No.10,,อัน,,,อัน,ค่าเวชภัณฑ์ / วัสดุการแพทย์,0.0,0.0,A - Unit price,140.00 / อัน; 140.00 / อัน,ไม่มี,Active,วัสดุผ่าตัด
วัสดุผ่าตัด,,050000000006,2,ปลอกคอกันเลียเบอร์ 12.5 (Collar No.12.5),Collar No.12.5,Collar No.12.5,,อัน,,,อัน,ค่าเวชภัณฑ์ / วัสดุการแพทย์,0.0,0.0,A - Unit price,160.00 / อัน; 160.00 / อัน,ไม่มี,Active,วัสดุผ่าตัด
วัสดุผ่าตัด,,050000000007,2,ปลอกคอกันเลียเบอร์ 15 (Collar No. 15),Collar No. 15,Collar No. 15,,อัน,,,อัน,ค่าเวชภัณฑ์ / วัสดุการแพทย์,0.0,0.0,A - Unit price,170.00 / อัน; 170.00 / อัน,ไม่มี,Active,วัสดุผ่าตัด
วัสดุผ่าตัด,,050000000008,2,ปลอกคอกันเลียเบอร์ 20 (Collar No.20),Collar No.20,Collar No.20,,อัน,,,อัน,ค่าเวชภัณฑ์ / วัสดุการแพทย์,0.0,0.0,A - Unit price,200.00 / อัน; 200.00 / อัน,ไม่มี,Active,วัสดุผ่าตัด
วัสดุผ่าตัด,,050000000009,2,ปลอกคอกันเลียเบอร์ 25 (Collar No.25),Collar No.25,Collar No.25,,อัน,,,อัน,ค่าเวชภัณฑ์ / วัสดุการแพทย์,0.0,0.0,A - Unit price,225.00 / อัน; 225.00 / อัน,ไม่มี,Active,วัสดุผ่าตัด
วัสดุผ่าตัด,,050000000010,2,ปลอกคอกันเลียเบอร์ 30 (Collar No.30),Collar No.30,Collar No.30,,อัน,,,อัน,ค่าเวชภัณฑ์ / วัสดุการแพทย์,0.0,0.0,A - Unit price,270.00 / อัน; 270.00 / อัน,ไม่มี,Active,วัสดุผ่าตัด
วัสดุผ่าตัด,,050000000052,1,เสื้อหลังผ่าตัด S,เสื้อหลังผ่าตัด S,เสื้อหลังผ่าตัด S,,ตัว,,,ตัว,ค่าเวชภัณฑ์ / วัสดุการแพทย์,0.0,0.0,A - Unit price,190.00 / ตัว; 190.00 / ตัว,ไม่มี,Active,วัสดุผ่าตัด
วัสดุผ่าตัด,,050000000053,1,เสื้อหลังผ่าตัด M,เสื้อหลังผ่าตัด M,เสื้อหลังผ่าตัด M,,ตัว,,,ตัว,ค่าเวชภัณฑ์ / วัสดุการแพทย์,0.0,0.0,A - Unit price,200.00 / ตัว; 200.00 / ตัว,ไม่มี,Active,วัสดุผ่าตัด
วัสดุผ่าตัด,,050000000054,1,เสื้อหลังผ่าตัด L,เสื้อหลังผ่าตัด L,เสื้อหลังผ่าตัด L,,ตัว,,,ตัว,ค่าเวชภัณฑ์ / วัสดุการแพทย์,0.0,0.0,A - Unit price,210.00 / ตัว; 210.00 / ตัว,ไม่มี,Active,วัสดุผ่าตัด
วัสดุผ่าตัด,,050000000055,1,เสื้อหลังผ่าตัด XL,เสื้อหลังผ่าตัด XL,เสื้อหลังผ่าตัด XL,,ตัว,,,ตัว,ค่าเวชภัณฑ์ / วัสดุการแพทย์,0.0,0.0,A - Unit price,220.00 / ตัว; 220.00 / ตัว,ไม่มี,Active,วัสดุผ่าตัด
วัสดุผ่าตัด,,050000000223,1,เสื้อหลังผ่าตัด 2XL,เสื้อหลังผ่าตัด 2XL,เสื้อหลังผ่าตัด 2XL,,ตัว,,,ตัว,ค่าเวชภัณฑ์ / วัสดุการแพทย์,0.0,0.0,A - Unit price,230.00 / ตัว; 230.00 / ตัว,ไม่มี,Active,วัสดุผ่าตัด
วัสดุผ่าตัด,,050000000224,1,เสื้อหลังผ่าตัด 3XL,เสื้อหลังผ่าตัด 3XL,เสื้อหลังผ่าตัด 3XL,,ตัว,,,ตัว,ค่าเวชภัณฑ์ / วัสดุการแพทย์,0.0,0.0,A - Unit price,240.00 / ตัว; 240.00 / ตัว,ไม่มี,Active,วัสดุผ่าตัด
วัสดุผ่าตัด,,050000000211,1,Bone Plate 1.2 Arix,Bone Plate 1.2 Arix,Bone Plate 1.2 Arix,,แผ่น,,,แผ่น,ค่าเวชภัณฑ์ / วัสดุการแพทย์,0.0,0.0,A - Unit price,"5,500.00 / แผ่น; 5,500.00 / แผ่น",ไม่มี,Active,วัสดุผ่าตัด
วัสดุผ่าตัด,,050000000212,1,Bone Plate 1.5 Arix,Bone Plate 1.5 Arix,Bone Plate 1.5 Arix,,แผ่น,,,แผ่น,ค่าเวชภัณฑ์ / วัสดุการแพทย์,0.0,0.0,A - Unit price,"5,500.00 / แผ่น; 5,500.00 / แผ่น",ไม่มี,Active,วัสดุผ่าตัด
วัสดุผ่าตัด,,050000000213,1,Bone Plate 2.0 Arix,Bone Plate 2.0 Arix,Bone Plate 2.0 Arix,,แผ่น,,,แผ่น,ค่าเวชภัณฑ์ / วัสดุการแพทย์,0.0,0.0,A - Unit price,"5,500.00 / แผ่น; 5,500.00 / แผ่น",ไม่มี,Active,วัสดุผ่าตัด
วัสดุผ่าตัด,,050000000216,1,Bone Plate 3.5 Arix,Bone Plate 3.5 Arix,Bone Plate 3.5 Arix,,แผ่น,,,แผ่น,ค่าเวชภัณฑ์ / วัสดุการแพทย์,0.0,0.0,A - Unit price,"7,900.00 / แผ่น; 7,900.00 / แผ่น",ไม่มี,Active,วัสดุผ่าตัด
วัสดุผ่าตัด,,050000000220,1,Bone Plate 2.4 Arix,Bone Plate 2.4 Arix,Bone Plate 2.4 Arix,,แผ่น,,,แผ่น,ค่าเวชภัณฑ์ / วัสดุการแพทย์,0.0,0.0,A - Unit price,"6,100.00 / แผ่น; 6,100.00 / แผ่น",ไม่มี,Active,วัสดุผ่าตัด
วัสดุผ่าตัด,,050000000221,1,Bone Plate 2.7 Arix,Bone Plate 2.7 Arix,Bone Plate 2.7 Arix,,แผ่น,,,แผ่น,ค่าเวชภัณฑ์ / วัสดุการแพทย์,0.0,0.0,A - Unit price,"6,100.00 / แผ่น; 6,100.00 / แผ่น",ไม่มี,Active,วัสดุผ่าตัด
วัสดุผ่าตัด,,050000000192,1,Locking Screw 2.0 Arix,Locking Screw 2.0 Arix,Locking Screw 2.0 Arix,,ตัว,,,ตัว,ค่าเวชภัณฑ์ / วัสดุการแพทย์,0.0,0.0,A - Unit price,690.00 / ตัว; 690.00 / ตัว,ไม่มี,Active,วัสดุผ่าตัด
วัสดุผ่าตัด,,050000000193,1,Locking Screw 2.4 Arix,Locking Screw 2.4 Arix,Locking Screw 2.4 Arix,,ตัว,,,ตัว,ค่าเวชภัณฑ์ / วัสดุการแพทย์,0.0,0.0,A - Unit price,840.00 / ตัว; 840.00 / ตัว,ไม่มี,Active,วัสดุผ่าตัด
วัสดุผ่าตัด,,050000000196,1,Locking Screw 2.7 Arix,Locking Screw 2.7 Arix,Locking Screw 2.7 Arix,,ตัว,,,ตัว,ค่าเวชภัณฑ์ / วัสดุการแพทย์,0.0,0.0,A - Unit price,860.00 / ตัว; 860.00 / ตัว,ไม่มี,Active,วัสดุผ่าตัด
วัสดุผ่าตัด,,050000000197,1,Locking Screw 3.5 Arix,Locking Screw 3.5 Arix,Locking Screw 3.5 Arix,,ตัว,,,ตัว,ค่าเวชภัณฑ์ / วัสดุการแพทย์,0.0,0.0,A - Unit price,980.00 / ตัว; 980.00 / ตัว,ไม่มี,Active,วัสดุผ่าตัด
วัสดุผ่าตัด,,050000000205,1,Locking Screw 1.2 Arix,Locking Screw 1.2 Arix,Locking Screw 1.2 Arix,,ตัว,,,ตัว,ค่าเวชภัณฑ์ / วัสดุการแพทย์,0.0,0.0,A - Unit price,560.00 / ตัว; 560.00 / ตัว,ไม่มี,Active,วัสดุผ่าตัด
วัสดุผ่าตัด,,050000000206,1,Locking Screw 1.5 Arix,Locking Screw 1.5 Arix,Locking Screw 1.5 Arix,,ตัว,,,ตัว,ค่าเวชภัณฑ์ / วัสดุการแพทย์,0.0,0.0,A - Unit price,620.00 / ตัว; 620.00 / ตัว,ไม่มี,Active,วัสดุผ่าตัด
วัสดุผ่าตัด,,050000000187,1,Cortical Screw 1.5 Arix,Cortical Screw 1.5 Arix,Cortical Screw 1.5 Arix,,ตัว,,,ตัว,ค่าเวชภัณฑ์ / วัสดุการแพทย์,0.0,0.0,A - Unit price,580.00 / ตัว; 580.00 / ตัว,ไม่มี,Active,วัสดุผ่าตัด
วัสดุผ่าตัด,,050000000188,1,Cortical Screw 2.0 Arix,Cortical Screw 2.0 Arix,Cortical Screw 2.0 Arix,,ตัว,,,ตัว,ค่าเวชภัณฑ์ / วัสดุการแพทย์,0.0,0.0,A - Unit price,650.00 / ตัว; 650.00 / ตัว,ไม่มี,Active,วัสดุผ่าตัด
วัสดุผ่าตัด,,050000000189,1,Cortical Screw 2.4 Arix,Cortical Screw 2.4 Arix,Cortical Screw 2.4 Arix,,ตัว,,,ตัว,ค่าเวชภัณฑ์ / วัสดุการแพทย์,0.0,0.0,A - Unit price,790.00 / ตัว; 790.00 / ตัว,ไม่มี,Active,วัสดุผ่าตัด
วัสดุผ่าตัด,,050000000190,1,Cortical Screw 2.7 Arix,Cortical Screw 2.7 Arix,Cortical Screw 2.7 Arix,,ตัว,,,ตัว,ค่าเวชภัณฑ์ / วัสดุการแพทย์,0.0,0.0,A - Unit price,790.00 / ตัว; 790.00 / ตัว,ไม่มี,Active,วัสดุผ่าตัด
วัสดุผ่าตัด,,050000000194,1,Cortical Screw 3.5 Arix,Cortical Screw 3.5 Arix,Cortical Screw 3.5 Arix,,ตัว,,,ตัว,ค่าเวชภัณฑ์ / วัสดุการแพทย์,0.0,0.0,A - Unit price,910.00 / ตัว; 910.00 / ตัว,ไม่มี,Active,วัสดุผ่าตัด
วัสดุผ่าตัด,,050000000207,1,Cortical Screw 1.2 Arix,Cortical Screw 1.2 Arix,Cortical Screw 1.2 Arix,,ตัว,,,ตัว,ค่าเวชภัณฑ์ / วัสดุการแพทย์,0.0,0.0,A - Unit price,530.00 / ตัว; 530.00 / ตัว,ไม่มี,Active,วัสดุผ่าตัด
วัสดุผ่าตัด,,000000000026,1,Bone pin,Bone pin,Bone pin,,อัน,,,อัน,ค่าเวชภัณฑ์ / วัสดุการแพทย์,0.0,0.0,A - Unit price,300.00 / อัน; 300.00 / อัน,ไม่มี,Active,วัสดุผ่าตัด
วัสดุผ่าตัด,,050000000217,1,Bone Graft,Bone Graft,Bone Graft,,ครั้ง,,,ครั้ง,ค่าเวชภัณฑ์ / วัสดุการแพทย์,0.0,0.0,A - Unit price,"2,000.00 / ครั้ง; 2,000.00 / ครั้ง",ไม่มี,Active,วัสดุผ่าตัด
วัสดุผ่าตัด,,050000000191,1,Cortical Screw 2.7 ปกรภัณฑ์,Cortical Screw 2.7 ปกรภัณฑ์,Cortical Screw 2.7 ปกรภัณฑ์,,ตัว,,,ตัว,ค่าเวชภัณฑ์ / วัสดุการแพทย์,0.0,0.0,A - Unit price,350.00 / ตัว,ไม่มี,Active,วัสดุผ่าตัด
วัสดุผ่าตัด,,050000000195,1,Cortical Screw 3.5 ปกรภัณฑ์,Cortical Screw 3.5 ปกรภัณฑ์,Cortical Screw 3.5 ปกรภัณฑ์,,ตัว,,,ตัว,ค่าเวชภัณฑ์ / วัสดุการแพทย์,0.0,0.0,A - Unit price,430.00 / ตัว,ไม่มี,Active,วัสดุผ่าตัด
วัสดุผ่าตัด,,050000000208,1,Cortical Screw 2.0 ปกรภัณฑ์,Cortical Screw 2.0 ปกรภัณฑ์,Cortical Screw 2.0 ปกรภัณฑ์,,ตัว,,,ตัว,ค่าเวชภัณฑ์ / วัสดุการแพทย์,0.0,0.0,A - Unit price,520.00 / ตัว,ไม่มี,Active,วัสดุผ่าตัด
วัสดุผ่าตัด,,050000000108,1,PDS 3/0,PDS 3/0,PDS 3/0,,ซอง,,,ซอง,ค่าเวชภัณฑ์ / วัสดุการแพทย์,0.0,0.0,A - Unit price,400.00 / ซอง; 400.00 / ซอง,ไม่มี,Active,วัสดุผ่าตัด
วัสดุผ่าตัด,,050000000225,1,Plate ปกรภัณฑ์,Plate ปกรภัณฑ์,Plate ปกรภัณฑ์,,แผ่น,,,แผ่น,ค่าเวชภัณฑ์ / วัสดุการแพทย์,0.0,0.0,A - Unit price,"3,000.00 / แผ่น",ไม่มี,Active,วัสดุผ่าตัด
ทำแผล,,080000000024,3,ค่าหัตถการทำแผล,ค่าหัตถการทำแผล,ค่าหัตถการทำแผล,,บาท,,,บาท,ค่าหัตถการ,0,0,A - Unit price,1.00 / บาท,ไม่มี,Active,"หัตถการ,ทำแผล"
ทำแผล,,050000000048,1,"ก๊อซม้วน 3 นิ้ว (Gauze roll 3"")","ก๊อซม้วน 3 นิ้ว (Gauze roll 3"")","ก๊อซม้วน 3 นิ้ว (Gauze roll 3"")",,ม้วน,,,ม้วน,ค่าเวชภัณฑ์ / วัสดุการแพทย์,0.0,0.0,A - Unit price,10.00 / ม้วน; 10.00 / ม้วน,มี,Active,"หัตถการ,ทำแผล"
ทำแผล,,050000000011,1,ผ้าก๊อซ แบบห่อสเตอร์ไรด์ (Gauze pack),ผ้าก๊อซ (Gauze pack),ผ้าก๊อซ (Gauze pack),,ห่อ,,,ห่อ,ค่าเวชภัณฑ์ / วัสดุการแพทย์,0.0,0.0,A - Unit price,15.00 / ห่อ; 15.00 / ห่อ,มี,Active,"หัตถการ,ทำแผล"
ทำแผล,,050000000170,2,abdominal gauze 12x12,abdominal gauze 12x12,abdominal gauze 12x12,,แผ่น,,,แผ่น,ค่าเวชภัณฑ์ / วัสดุการแพทย์,0.0,0.0,A - Unit price,60.00 / แผ่น; 60.00 / แผ่น,ไม่มี,Active,"หัตถการ,ทำแผล"
ทำแผล,,050000000059,1,"Coban 2""/ผ้ายืดพันแผล 2 นิ้ว","Coban 2""","Coban 2""/ผ้ายืดพันแผล2 นิ้ว",,ม้วน,,,ม้วน,ค่าเวชภัณฑ์ / วัสดุการแพทย์,0.0,0.0,A - Unit price,50.00 / ม้วน; 50.00 / ม้วน,มี,Active,"หัตถการ,ทำแผล"
ทำแผล,,050000000060,1,"Coban 3""/ผ้ายืดพันแผล 3 นิ้ว","Coban 3""ผ้ายืดพันแผล","Coban 3""/ ผ้ายืดพันแผล",,ม้วน,,,ม้วน,ค่าเวชภัณฑ์ / วัสดุการแพทย์,0.0,0.0,A - Unit price,70.00 / ม้วน; 70.00 / ม้วน,มี,Active,"หัตถการ,ทำแผล"
ทำแผล,,050000000058,1,Fixomull (ซ.ม.),Fixomull (ซ.ม.),Fixomull (ซ.ม.),,เซนติเมตร,,,เซนติเมตร,ค่ายานำกลับ,0,0,A - Unit price,1.00 / เซนติเมตร,มี,Active,"หัตถการ,ทำแผล"
ทำแผล,,050000000070,1,"เทปเหนียว 1 นิ้ว (Neoplast 1"")",เทปเหนียว 1 นิ้ว,เทปเหนียว 1 นิ้ว,,ม้วน,,,ม้วน,ค่าเวชภัณฑ์ / วัสดุการแพทย์,0.0,0.0,A - Unit price,60.00 / ม้วน; 60.00 / ม้วน,มี,Active,"หัตถการ,ทำแผล"
ทำแผล,,050000000073,1,สำลีรองเฝือก,สำลีรองเฝือก,สำลีรองเฝือก,,ม้วน,,,ม้วน,ค่าเวชภัณฑ์ / วัสดุการแพทย์,0.0,0.0,A - Unit price,100.00 / ม้วน; 100.00 / ม้วน,มี,Active,"หัตถการ,ทำแผล"
ทำแผล,,050000000147,3,Irrigation 1000 ml (Saline Irrigate 1000 ml) สำหรับล้างท้อง,Saline Irrigate 1000 ml สำหรับล้างท้อง,Saline Irrigate 1000 ml,,ขวด,,,ขวด,ค่ายาฉีด / สารน้ำ,0,0,A - Unit price,100.00 / ขวด,ไม่มี,Active,"หัตถการ,ทำแผล"
ทำแผล,,080000000005,1,ค่าพันเฝือกอ่อน (Soft bandage ),ค่าพันเฝือก,ค่าพันเฝือก,,บาท,,,บาท,ค่าหัตถการ,0,0,A - Unit price,1.00 / บาท,ไม่มี,Active,"หัตถการ,ทำแผล"
ทำแผล,,080000000008,1,ค่าพันเฝือกใช้ Exlite,ค่าพันเฝือกใช้ Exlite,ค่าพันเฝือกใช้ Exlite,,บาท,,,บาท,ค่าหัตถการ,0,0,A - Unit price,1.00 / บาท,ไม่มี,Active,"หัตถการ,ทำแผล"
ทำแผล,,040000000167,1,Fentanyl patch (25 mcg/hr),Fentanyl patch (25 mcg/hr),Fentanyl patch (25 mcg/hr) ยาลดปวด,,แผ่น,,,แผ่น,ค่าเวชภัณฑ์ / วัสดุการแพทย์,0.0,0.0,A - Unit price,300.00 / แผ่น; 300.00 / แผ่น,ไม่มี,Active,"หัตถการ,ทำแผล"
ทำแผล,,040000000170,1,Fentanyl patch (50mcg/hr) ยาลดปวด,,Fentanyl patch (25 mcg/hr) ยาลดปวด,,แผ่น,,,แผ่น,ค่าเวชภัณฑ์ / วัสดุการแพทย์,0.0,0.0,A - Unit price,500.00 / แผ่น; 500.00 / แผ่น,ไม่มี,Active,"หัตถการ,ทำแผล"
ทำแผล,,040000000171,1,แผ่นแปะกันน้ำ,,แผ่นแปะกันน้ำ,,แผ่น,,,แผ่น,ค่าเวชภัณฑ์ / วัสดุการแพทย์,0.0,0.0,A - Unit price,50.00 / แผ่น; 50.00 / แผ่น,ไม่มี,Active,"หัตถการ,ทำแผล"
ทำแผล,,050000000042,1,Stomach Tube 18/125cm,Stomach Tube 18/125cm,Stomach Tube 18/125cm,,อัน,,,อัน,ค่าเวชภัณฑ์ / วัสดุการแพทย์,0.0,0.0,A - Unit price,50.00 / อัน; 50.00 / อัน,ไม่มี,Active,"หัตถการ,ทำแผล"
ทำแผล,,040000000093,1,"Foley catheter 8 Fr x 22"" (male)","Foley catheter 8 Fr x 22"" (male)","Foley catheter 8 Fr x 22"" (male)",,เส้น,,,เส้น,ค่าเวชภัณฑ์ / วัสดุการแพทย์,0.0,0.0,A - Unit price,800.00 / เส้น; 800.00 / เส้น,ไม่มี,Active,"หัตถการ,ทำแผล"
ทำแผล,,040000000094,1,Foley catheter 2 ways CH 6 ตัวผู้,Foley catheter 2 ways CH 6,Foley catheter 2 ways CH 6,,เส้น,,,เส้น,ค่าเวชภัณฑ์ / วัสดุการแพทย์,0.0,0.0,A - Unit price,250.00 / เส้น; 250.00 / เส้น,ไม่มี,Active,"หัตถการ,ทำแผล"
ทำในห้อง,,030000000014,2,ค่าบริการวัดความดันเลือด (Blood Pressure) BP,ค่าบริการวัดความดันเลือด (Blood Pressure) BP,ค่าบริการวัดความดันเลือด (Blood Pressure),,ครั้ง,,,ครั้ง,ค่าหัตถการ,0.0,0.0,A - Unit price,150.00 / ครั้ง; 150.00 / ครั้ง,ไม่มี,Active,หัตถการทำในห้อง
ทำในห้อง,,030000000056,3,ค่าบริการดมละอองยา (Nebulization) (ดมตู้คิด 1.5 ครั้ง),ค่าบริการดมละอองยา (Nebulization) (ดมตู้คิด 1.5 ครั้ง),ค่าบริการดมละอองยา (Nebulization) (ดมตู้คิด 1.5 ครั้ง),,ครั้ง,,,ครั้ง,ค่าหัตถการ,0.0,0.0,A - Unit price,100.00 / ครั้ง; 100.00 / ครั้ง,ไม่มี,Active,หัตถการทำในห้อง
ทำในห้อง,,080000000016,2,ค่าหัตถการตัดเล็บ (Nail cutting),ค่าหัตถการตัดเล็บ (Nail cutting),ค่าหัตถการตัดเล็บ (Nail cutting),,ครั้ง,,,ครั้ง,ค่าหัตถการ,0,0,A - Unit price,50.00 / ครั้ง,ไม่มี,Active,หัตถการทำในห้อง
ทำในห้อง,,030000000013,1,ค่าตรวจอุจจาระ (Fecal smear),ค่าตรวจอุจจาระ (Fecal smear),ค่าตรวจอุจจาระ (Fecal smear),,ครั้ง,,,ครั้ง,ค่าหัตถการ,0.0,0.0,A - Unit price,50.00 / ครั้ง; 50.00 / ครั้ง,ไม่มี,Active,หัตถการทำในห้อง
ทำในห้อง,,030000000072,1,ค่าส่องตรวจขี้หู(ear wax smear),ค่าส่องตรวจขี้หู(ear wax smear),ค่าส่องตรวจขี้หู(ear wax smear),,ครั้ง,,,ครั้ง,ค่าหัตถการ,0.0,0.0,A - Unit price,50.00 / ครั้ง; 50.00 / ครั้ง,ไม่มี,Active,หัตถการทำในห้อง
ทำในห้อง,,030000000050,1,"ค่าบริการตรวจตา, ย้อมสี, วัดระดับน้ำตา,วัดความดันตา (eye exam, Flu, STT,IOP)","ค่าบริการตรวจตา, ย้อมสี, วัดระดับน้ำตา,วัดความดันตา (eye exam, Flu, STT,IOP)","ค่าบริการตรวจตา, ย้อมสี, วัดระดับน้ำตา,วัดความดันตา (eye exam, Flu, STT,IOP)",,ครั้ง,,,ครั้ง,ค่าหัตถการ,0.0,0.0,A - Unit price,200.00 / ครั้ง; 200.00 / ครั้ง,ไม่มี,Active,หัตถการทำในห้อง
ทำในห้อง,,030000000078,1,ค่าบริการวัดระดับน้ำตา (STT),ค่าบริการวัดระดับน้ำตา (STT),ค่าบริการวัดระดับน้ำตา (STT),,ครั้ง,,,ครั้ง,ค่าหัตถการ,0.0,0.0,A - Unit price,50.00 / ครั้ง; 50.00 / ครั้ง,ไม่มี,Active,หัตถการทำในห้อง
ทำในห้อง,,030000000051,1,ค่าบริการวัดความดันลูกตา (IOP),ค่าบริการวัดความดันลูกตา (IOP),ค่าบริการวัดความดันลูกตา (IOP),,ครั้ง,,,ครั้ง,ค่าหัตถการ,0.0,0.0,A - Unit price,100.00 / ครั้ง; 100.00 / ครั้ง,ไม่มี,Active,หัตถการทำในห้อง
ทำในห้อง,,030000000077,1,ค่าบริการย้อมสีตา(fluorescin),ค่าบริการย้อมสีตา(fluorescein),ค่าบริการย้อมสีตา(fluorescein),,ครั้ง,,,ครั้ง,ค่าหัตถการ,0.0,0.0,A - Unit price,50.00 / ครั้ง; 50.00 / ครั้ง,ไม่มี,Active,หัตถการทำในห้อง
ทำในห้อง,,080000000037,1,เลเซอร์บำบัด(laser therapy),เลเซอร์บำบัด(laser therapy),เลเซอร์บำบัด(laser therapy),,บาท,,,บาท,ค่าหัตถการ,0.0,0.0,A - Unit price,1.00 / บาท; 1.00 / บาท,ไม่มี,Active,หัตถการทำในห้อง
ทำในห้อง,,030000000011,1,ค่าตรวจเซลล์ผิวหนัง (Skin cytology),ค่าตรวจเซลล์ผิวหนัง (Skin cytology),ค่าตรวจเซลล์ผิวหนัง (Skin cytology),,ครั้ง,,,ครั้ง,ค่าหัตถการ,0.0,0.0,A - Unit price,100.00 / ครั้ง; 100.00 / ครั้ง,ไม่มี,Active,หัตถการทำในห้อง
ทำในห้อง,,030000000012,1,ค่าตรวจเซลล์ช่องหู (Ears Cytology),ค่าตรวจเซลล์ช่องหู (Ears Cytology),ค่าตรวจเซลล์ช่องหู (Ears Cytology),,ครั้ง,,,ครั้ง,ค่าหัตถการ,0.0,0.0,A - Unit price,100.00 / ครั้ง; 100.00 / ครั้ง,ไม่มี,Active,หัตถการทำในห้อง
ทำในห้อง,,030000000073,1,ค่าส่องตรวจเชื้อรา(wood's lamp),ค่าส่องตรวจเชื้อรา(wood's lamp),ค่าส่องตรวจเชื้อรา(wood's lamp),,ครั้ง,,,ครั้ง,ค่าหัตถการ,0,0,A - Unit price,100.00 / ครั้ง,ไม่มี,Active,หัตถการทำในห้อง
ทำในห้อง,,080000000032,1,ค่าหัตถการบีบต่อมก้นธรรมดา,ค่าหัตถการบีบต่อมก้นธรรมดา,ค่าหัตถการบีบต่อมก้นธรรมดา,,ครั้ง,,,ครั้ง,ค่าหัตถการ,0,0,A - Unit price,50.00 / ครั้ง,ไม่มี,Active,หัตถการทำในห้อง
ทำในห้อง,,080000000017,2,ค่าหัตถการบีบต่อมก้นแบบรุนแรง,ค่าหัตถการบีบต่อมก้นแบบรุนแรง,ค่าหัตถการบีบต่อมก้นแบบรุนแรง,,ครั้ง,,,ครั้ง,ค่าหัตถการ,0,0,A - Unit price,100.00 / ครั้ง,ไม่มี,Active,หัตถการทำในห้อง
ทำในห้อง,,030000000054,1,ค่าบริการสวนล้างท่อน้ำตา (Lacrymal duct flushing),ค่าบริการสวนล้างท่อน้ำตา (Lacrymal duct flushing),ค่าบริการสวนล้างท่อน้ำตา (Lacrymal duct flushing),,ข้าง,,,ข้าง,ค่าหัตถการ,0,0,A - Unit price,100.00 / ข้าง,ไม่มี,Active,หัตถการทำในห้อง
ทำในห้อง,,030000000053,1,Grid Keratotomy,Grid Keratotomy,Grid Keratotomy,,ครั้ง,,,ครั้ง,ค่าหัตถการ,0.0,0.0,A - Unit price,500.00 / ครั้ง; 500.00 / ครั้ง,ไม่มี,Active,หัตถการทำในห้อง
ทำในห้อง,,080000000030,3,ป้อนยา,ป้อนยา,ป้อนยา,,ครั้ง,,,ครั้ง,ค่าหัตถการ,0,0,A - Unit price,30.00 / ครั้ง,ไม่มี,Active,หัตถการทำในห้อง
ทำในห้อง,,040000000173,1,Tx:Revolution 6 % 0.25 ml สุนัขและแมวไม่เกิน 2.5 kg,Revolution 6 % 0.25 ml สุนัขและแมวไม่เกิน 2.5 kg,,,หลอด,,,หลอด,ค่ายาฉีด / สารน้ำ,0.0,0.0,A - Unit price,250.00 / หลอด,ไม่มี,Active,หัตถการทำในห้อง
ทำในห้อง,,040000000174,1,Tx:Revolution 6 % 0.75 ml แมว 2.6-7.5 kg(สีน้ำเงิน),Revolution 6 % 0.75 ml แมว 2.6-7.5 kg(สีน้ำเงิน),Revolution 6 % 0.75 ml แมว 2.6-7.5 kg(สีน้ำเงิน),,หลอด,,,หลอด,ค่ายาฉีด / สารน้ำ,0.0,0.0,A - Unit price,270.00 / หลอด,ไม่มี,Active,หัตถการทำในห้อง
ทำในห้อง,,040000000175,1,Tx:Revolution 12 % 0.25 ml สุนัข 2.6-5.0 kg (สีม่วง),Revolution 12 % 0.25 ml สุนัข 2.6-5.0 kg (สีม่วง),Revolution 12 % 0.25 ml สุนัข 2.6-5.0 kg (สีม่วง),,หลอด,,,หลอด,ค่ายาฉีด / สารน้ำ,0.0,0.0,A - Unit price,280.00 / หลอด,ไม่มี,Active,หัตถการทำในห้อง
ทำในห้อง,,040000000176,1,Tx:Revolution 12 % 0.5 ml สุนัข 5.1-10kg(สีน้ำตาล),,,,หลอด,,,หลอด,ค่ายาฉีด / สารน้ำ,0.0,0.0,A - Unit price,330.00 / หลอด,ไม่มี,Active,หัตถการทำในห้อง
ทำในห้อง,,040000000177,1,Tx:Revolution 12 % 1.0 ml สุนัข 10.1-20 kg(สีแดง),Revolution 12 % 1.0 ml สุนัข 10.1-20 kg(สีแดง),Revolution 12 % 1.0 ml สุนัข 10.1-20 kg(สีแดง),,หลอด,,,หลอด,ค่ายาฉีด / สารน้ำ,0.0,0.0,A - Unit price,350.00 / หลอด,ไม่มี,Active,หัตถการทำในห้อง
ทำในห้อง,,040000000178,1,Tx: Revolution 12 % 2.0 ml สุนัข 20.1- 40 kg(สีเขียว),Revolution 12 % 2.0 ml สุนัข 20.1- 40 kg(สีเขียว),Revolution 12 % 2.0 ml สุนัข 20.1- 40 kg(สีเขียว),,หลอด,,,หลอด,ค่ายาฉีด / สารน้ำ,0.0,0.0,A - Unit price,405.00 / หลอด,ไม่มี,Active,หัตถการทำในห้อง
ทำในห้อง,,040000000179,1,Tx: Revolution PLUS 0.5ml แมว 2.6-5 kg สีส้ม,Revolution PLUS 0.5ml แมว 2.6-5 kg สีส้ม,Revolution PLUS 0.5ml แมว 2.6-5 kg สีส้ม,,หลอด,,,หลอด,ค่ายาฉีด / สารน้ำ,0.0,0.0,A - Unit price,285.00 / หลอด,ไม่มี,Active,หัตถการทำในห้อง
หัตถการอื่นๆ,,080000000011,1,ค่าหัตถการสวนปัสสาวะสุนัข +เย็บคาท่อ (Catheter+nylon),ค่าหัตถการสวนปัสสาวะสุนัข +เย็บคาท่อ (Catheter+nylon),ค่าหัตถการสวนปัสสาวะสุนัข +เย็บคาท่อ (Catheter+nylon),,ครั้ง,,,ครั้ง,ค่าหัตถการ,0,0,A - Unit price,250.00 / ครั้ง,ไม่มี,Active,หัตถการอื่นๆ
หัตถการอื่นๆ,,080000000012,1,ค่าหัตถการสวนปัสสาวะ,ค่าหัตถการสวนปัสสาวะ,ค่าหัตถการสวนปัสสาวะ,,ครั้ง,,,ครั้ง,ค่าหัตถการ,0,0,A - Unit price,100.00 / ครั้ง,ไม่มี,Active,หัตถการอื่นๆ
หัตถการอื่นๆ,,080000000036,1,ค่าหัตถการสวนปัสสาวะแมว+เย็บคาท่อ (urinary catheter+nylon),ค่าหัตถการสวนปัสสาวะแมว+เย็บคาท่อ (urinary catheter+nylon),ค่าหัตถการสวนปัสสาวะแมว+เย็บคาท่อ (urinary catheter+nylon),,ครั้ง,,,ครั้ง,ค่าหัตถการ,0,0,A - Unit price,600.00 / ครั้ง,ไม่มี,Active,หัตถการอื่นๆ
หัตถการอื่นๆ,,080000000020,1,ค่าหัตถการเจาะช่องท้อง (Abdominal paracentesis),ค่าหัตถการเจาะช่องท้อง (Abdominal paracentesis),ค่าหัตถการเจาะช่องท้อง (Abdominal paracentesis),,ครั้ง,,,ครั้ง,ค่าหัตถการ,0,0,A - Unit price,250.00 / ครั้ง,ไม่มี,Active,หัตถการอื่นๆ
หัตถการอื่นๆ,,080000000013,1,ค่าหัตถการเย็บแผล (หัตถการขนาดเล็ก),ค่าหัตถการเย็บแผล (หัตถการขนาดเล็ก),ค่าหัตถการเย็บแผล (หัตถการขนาดเล็ก),,บาท,,,บาท,ค่าหัตถการ,0,0,A - Unit price,1.00 / บาท,ไม่มี,Active,หัตถการอื่นๆ
หัตถการอื่นๆ,,080000000014,2,ค่าหัตถการเช็ดหู ธรรมดา (Ear dressing normal) ED,ค่าหัตถการเช็ดหู ธรรมดา (Ear dressing normal) ED,ค่าหัตถการเช็ดหู ธรรมดา (Ear dressing normal) ED,,ครั้ง,,,ครั้ง,ค่าหัตถการ,0,0,A - Unit price,150.00 / ครั้ง,ไม่มี,Active,หัตถการอื่นๆ
หัตถการอื่นๆ,,080000000016,2,ค่าหัตถการตัดเล็บ (Nail cutting),ค่าหัตถการตัดเล็บ (Nail cutting),ค่าหัตถการตัดเล็บ (Nail cutting),,ครั้ง,,,ครั้ง,ค่าหัตถการ,0,0,A - Unit price,50.00 / ครั้ง,ไม่มี,Active,หัตถการอื่นๆ
หัตถการอื่นๆ,,080000000002,1,ค่าหัตถการอาบน้ำ,ค่าหัตถการอาบน้ำ,ค่าหัตถการอาบน้ำ,,บาท,,,บาท,ค่าหัตถการ,0,0,A - Unit price,100.00 / บาท,ไม่มี,Active,หัตถการอื่นๆ
หัตถการอื่นๆ,,080000000004,2,ค่าหัตถการล้างปาก,ค่าหัตถการล้างปาก,ค่าหัตถการล้างปาก,,ครั้ง,,,ครั้ง,ค่าหัตถการ,0,0,A - Unit price,100.00 / ครั้ง,ไม่มี,Active,หัตถการอื่นๆ
หัตถการอื่นๆ,,080000000023,1,ค่าหัดถการดีทอกซ์ Detox,ค่าหัดถการดีทอกซ์ Detox,ค่าหัดถการดีทอกซ์ Detox,,ครั้ง,,,ครั้ง,ค่าหัตถการ,0,0,A - Unit price,500.00 / ครั้ง,ไม่มี,Active,หัตถการอื่นๆ
หัตถการอื่นๆ,,080000000026,1,ค่าหัตถการเย็บแม๊ค,ค่าหัตถการเย็บแม๊ค,ค่าหัตถการเย็บแม๊ค,,ตัว,,,ตัว,ค่าหัตถการ,0,0,A - Unit price,50.00 / ตัว,ไม่มี,Active,หัตถการอื่นๆ
หัตถการอื่นๆ,,080000000030,3,ป้อนยา,ป้อนยา,ป้อนยา,,ครั้ง,,,ครั้ง,ค่าหัตถการ,0,0,A - Unit price,30.00 / ครั้ง,ไม่มี,Active,หัตถการอื่นๆ
หัตถการอื่นๆ,,080000000006,1,ค่าหัตถการเจาะกระเพาะปัสสาวะผ่านหน้าท้อง (Cystocentesis),ค่าหัตถการเจาะกระเพาะปัสสาวะผ่านหน้าท้อง (Cystocentesis),ค่าหัตถการเจาะกระเพาะปัสสาวะผ่านหน้าท้อง (Cystocentesis),,ครั้ง,,,ครั้ง,ค่าหัตถการ,0,0,A - Unit price,100.00 / ครั้ง,ไม่มี,Active,หัตถการอื่นๆ
หัตถการอื่นๆ,,080000000017,2,ค่าหัตถการบีบต่อมก้นแบบรุนแรง,ค่าหัตถการบีบต่อมก้นแบบรุนแรง,ค่าหัตถการบีบต่อมก้นแบบรุนแรง,,ครั้ง,,,ครั้ง,ค่าหัตถการ,0,0,A - Unit price,100.00 / ครั้ง,ไม่มี,Active,หัตถการอื่นๆ
หัตถการอื่นๆ,,080000000018,1,ค่าหัตถการสวนอุจจาระไม่รวมวางยา (Enema),ค่าหัตถการสวนอุจจาระไม่รวมวางยา (Enema),ค่าหัตถการสวนอุจจาระไม่รวมวางยา (Enema),,ครั้ง,,,ครั้ง,ค่าหัตถการ,0,0,A - Unit price,500.00 / ครั้ง,ไม่มี,Active,หัตถการอื่นๆ
หัตถการอื่นๆ,,080000000035,2,ค่าหัตการพ่นยากำจัดเห็บหมัด,ค่าหัตการพ่นยากำจัดเห็บหมัด,ค่าหัตการพ่นยากำจัดเห็บหมัด,,ครั้ง,,,ครั้ง,ค่าหัตถการ,0,0,A - Unit price,100.00 / ครั้ง,ไม่มี,Active,หัตถการอื่นๆ
หัตถการอื่นๆ,,030000000014,2,ค่าบริการวัดความดันเลือด (Blood Pressure) BP,ค่าบริการวัดความดันเลือด (Blood Pressure) BP,ค่าบริการวัดความดันเลือด (Blood Pressure),,ครั้ง,,,ครั้ง,ค่าหัตถการ,0.0,0.0,A - Unit price,150.00 / ครั้ง; 150.00 / ครั้ง,ไม่มี,Active,หัตถการอื่นๆ
หัตถการอื่นๆ,,030000000056,3,ค่าบริการดมละอองยา (Nebulization) (ดมตู้คิด 1.5 ครั้ง),ค่าบริการดมละอองยา (Nebulization) (ดมตู้คิด 1.5 ครั้ง),ค่าบริการดมละอองยา (Nebulization) (ดมตู้คิด 1.5 ครั้ง),,ครั้ง,,,ครั้ง,ค่าหัตถการ,0.0,0.0,A - Unit price,100.00 / ครั้ง; 100.00 / ครั้ง,ไม่มี,Active,หัตถการอื่นๆ
หัตถการอื่นๆ,,030000000015,1,ค่าบริการตรวจคลื่นไฟฟ้าหัวใจ (Electrocardiogram) ECG EKG,ค่าบริการตรวจคลื่นไฟฟ้าหัวใจ (Electrocardiogram),ค่าบริการตรวจคลื่นไฟฟ้าหัวใจ (Electrocardiogram),,ครั้ง,,,ครั้ง,ค่าหัตถการ,0.0,0.0,A - Unit price,250.00 / ครั้ง; 250.00 / ครั้ง,ไม่มี,Active,หัตถการอื่นๆ
หัตถการอื่นๆ,,030000000016,1,ค่าบริการตรวจหัวใจด้วยคลื่นสะท้อนความถี่สูง  Echo **ต่อเนื่อง**,ค่าบริการตรวจหัวใจด้วยคลื่นสะท้อนความถี่สูง Echo **ต่อเนื่อง**,ค่าบริการตรวจหัวใจด้วยคลื่นสะท้อนความถี่สูง Echo **ต่อเนื่อง**,,ครั้ง,,,ครั้ง,ค่าหัตถการ,0.0,0.0,A - Unit price,600.00 / ครั้ง; 600.00 / ครั้ง,ไม่มี,Active,หัตถการอื่นๆ
หัตถการอื่นๆ,,030000000058,1,ค่าบริการตรวจหัวใจด้วยคลื่นสะท้อนความถี่สูง  Echo **ครั้งแรก**,ค่าบริการตรวจหัวใจด้วยคลื่นสะท้อนความถี่สูง  Echo **ครั้งแรก**,ค่าบริการตรวจหัวใจด้วยคลื่นสะท้อนความถี่สูง  Echo **ครั้งแรก**,,ครั้ง,,,ครั้ง,ค่าหัตถการ,0.0,0.0,A - Unit price,900.00 / ครั้ง; 900.00 / ครั้ง,ไม่มี,Active,หัตถการอื่นๆ
หัตถการอื่นๆ,,060000000077,1,ค่าบริการตรวจ glucose curve,ค่าบริการตรวจ glucose curve,ค่าบริการตรวจ glucose curve,,ครั้ง,,,ครั้ง,ค่าหัตถการ,0.0,0.0,A - Unit price,400.00 / ครั้ง; 400.00 / ครั้ง,ไม่มี,Active,หัตถการอื่นๆ
หัตถการอื่นๆ,,060000000079,1,ค่าตรวจโรคโปรโตซัวในกระต่าย,ค่าตรวจโรคโปรโตซัวในกระต่าย,ค่าตรวจโรคโปรโตซัวในกระต่าย,,ตัวอย่าง,,,ตัวอย่าง,ค่าหัตถการ,0.0,0.0,A - Unit price,400.00 / ตัวอย่าง; 400.00 / ตัวอย่าง,ไม่มี,Active,หัตถการอื่นๆ
หัตถการอื่นๆ,,080000000029,2,ป้อนอาหาร,ป้อนอาหาร,ป้อนอาหาร,,ครั้ง,,,ครั้ง,ค่าหัตถการ,0,0,A - Unit price,30.00 / ครั้ง,ไม่มี,Active,หัตถการอื่นๆ
หัตถการอื่นๆ,,030000000090,2,ตู้กกจีน *รายชั่วโมง*,,ตู้กกจีน *รายชั่วโมง*,,ชั่วโมง,,,ชั่วโมง,อื่นๆ,0.0,0.0,A - Unit price,50.00 / ชั่วโมง; 50.00 / ชั่วโมง,ไม่มี,Active,หัตถการอื่นๆ
หัตถการอื่นๆ,,030000000091,2,ตู้กกจีน *เหมาคืน*,,ตู้กกจีน *เหมาคืน*,,คืน,,,คืน,อื่นๆ,0.0,0.0,A - Unit price,250.00 / คืน; 250.00 / คืน,ไม่มี,Active,หัตถการอื่นๆ
หัตถการอื่นๆ,,080000000019,1,ค่าหัตถการเจาะช่องอก (Thoracocentesis),ค่าหัตถการเจาะช่องอก (Thoracocentesis),ค่าหัตถการเจาะช่องอก (Thoracocentesis),,ครั้ง,,,ครั้ง,ค่าหัตถการ,0,0,A - Unit price,300.00 / ครั้ง,ไม่มี,Active,หัตถการอื่นๆ
หัตถการอื่นๆ,,050000000147,3,Irrigation 1000 ml (Saline Irrigate 1000 ml) สำหรับล้างท้อง,Saline Irrigate 1000 ml สำหรับล้างท้อง,Saline Irrigate 1000 ml,,ขวด,,,ขวด,ค่ายาฉีด / สารน้ำ,0,0,A - Unit price,100.00 / ขวด,ไม่มี,Active,หัตถการอื่นๆ
หัตถการอื่นๆ,,030000000020,1,ค่าใช้บริการเครื่องเป่าลมร้อน (Bair Hugger),ค่าใช้บริการเครื่องเป่าลมร้อน (Bair Hugger),ค่าใช้บริการเครื่องเป่าลมร้อน (Bair Hugger),,ครั้ง,,,ครั้ง,ค่าหัตถการ,0.0,0.0,A - Unit price,100.00 / ครั้ง; 100.00 / ครั้ง,ไม่มี,Active,หัตถการอื่นๆ
หัตถการอื่นๆ,,050000000163,1,ถุงปัสสาวะ (urine bag),ถุงปัสสาวะ (urine bag),ถุงปัสสาวะ (urine bag),,ถุง,,,ถุง,ค่าเวชภัณฑ์ / วัสดุการแพทย์,0.0,0.0,A - Unit price,50.00 / ถุง; 50.00 / ถุง,ไม่มี,Active,หัตถการอื่นๆ
ยาฉุกเฉิน,,020000000112,1,Green pit Viper (เซรุ่มงูเขียวหางไหม้),Green pit Viper (เซรุ่มงูเขียวหางไหม้),Green pit Viper (เซรุ่มงูเขียวหางไหม้),slow IV,ขวด,,ผสมในน้ำเกลือ drip iv,ขวด,ค่ายาฉีด / สารน้ำ,0,0,A - Unit price,"1,500.00 / ขวด",ไม่มี,Active,ยาฉุกเฉิน
ยาฉุกเฉิน,,020000000113,1,Cobra Antivenin 10 ml (เซรุ่มงูเห่า),Cobra Antivenin 10 ml (เซรุ่มงูเห่า),Cobra Antivenin 10 ml (เซรุ่มงูเห่า),slow IV,ขวด,,ผสมในน้ำเกลือ drip iv,ขวด,ค่ายาฉีด / สารน้ำ,0,0,A - Unit price,"1,500.00 / ขวด",ไม่มี,Active,ยาฉุกเฉิน
ยาฉุกเฉิน,,020000000027,1,Adrenaline (inj.),Adrenaline 1 ซีซี/แอมพูล,Adrenaline 1 ซีซี/แอมพูล,IV,ซีซี,,dilute iv,ซีซี,ค่ายาฉีด / สารน้ำ,0,0,A - Unit price,50.00 / ซีซี,ไม่มี,Active,ยาฉุกเฉิน
ยาฉุกเฉิน,,020000000029,1,Atropine sulfate (inj.),Atropine sulfate,,IV,ซีซี,,dilute iv,ซีซี,ค่ายาฉีด / สารน้ำ,0,0,B - Range price,0.01-0.5 = 30.00; 0.51-1 = 50.00; 1.01-2 = 80.00; 2.01-3 = 100.00; 3.01-4 = 100.00; 4.01-20 = 100.00,ไม่มี,Active,ยาฉุกเฉิน
ยาฉุกเฉิน,,020000000038,2,Glucose 50 % (inj.),Glucose 50 %,Glucose 50 % (inj.),IV,ซีซี,,,ซีซี,ค่ายาฉีด / สารน้ำ,0,0,B - Range price,0.01-10 = 60.00; 10.01-20 = 120.00; 20.01-30 = 180.00; 30.01-40 = 240.00; 40.01-50 = 300.00; 50.01-60 = 360.00; 60.01-70 = 420.00,ไม่มี,Active,ยาฉุกเฉิน
ยาฉุกเฉิน,,020000000034,2,Diazepam (inj.),Diazepam,,IV,ซีซี,,per rectum,ซีซี,ค่ายาฉีด / สารน้ำ,0,0,B - Range price,0.01-0.5 = 30.00; 0.51-1 = 50.00; 1.01-2 = 80.00; 2.01-3 = 100.00; 3.01-4 = 100.00; 4.01-10 = 100.00,ไม่มี,Active,ยาฉุกเฉิน
ยาฉุกเฉิน,,020000000069,2,Propofol (inj.),Propofol,,IV,ซีซี,,,ซีซี,ค่ายาฉีด / สารน้ำ,0,0,C - Divide factor price,200.00 / 20,ไม่มี,Active,ยาฉุกเฉิน
ยาฉุกเฉิน,,020000000031,1,Calcium (Cal-gluconate) (inj.),Calcium (Cal-gluconate) (inj.),Calcium (Cal-gluconate) (inj.),slow IV,ซีซี,,,ซีซี,ค่ายาฉีด / สารน้ำ,0,0,B - Range price,0.01-10 = 80.00; 10.01-20 = 160.00; 20.01-30 = 240.00; 30.01-40 = 320.00; 40.01-50 = 400.00; 50.01-60 = 480.00; 60.01-70 = 560.00,ไม่มี,Active,ยาฉุกเฉิน
ยาฉุกเฉิน,,020000000052,1,Sodium Bicarbonate 10 ml,Sodium Bicarbonate 10 ml,Sodium Bicarbonate 10 ml,slow IV,ซีซี,,ผสมในน้ำเกลือ drip iv,ซีซี,ค่ายาฉีด / สารน้ำ,0,0,B - Range price,0.01-10 = 80.00; 10.01-20 = 130.00; 20.01-30 = 180.00; 30.01-40 = 230.00; 40.01-50 = 280.00; 50.01-60 = 330.00; 60.01-70 = 380.00,ไม่มี,Active,ยาฉุกเฉิน
ยาฉุกเฉิน,,020000000050,1,Potassium 1.5 g/10 ml (inj.),Potassium inj,,CRI,ซีซี,,PO,ซีซี,ค่ายาฉีด / สารน้ำ,0,0,B - Range price,0.01-10 = 80.00; 10.01-20 = 160.00; 20.01-30 = 240.00; 30.01-40 = 320.00; 40.01-50 = 400.00; 50.01-60 = 480.00; 60.01-70 = 560.00,ไม่มี,Active,ยาฉุกเฉิน
ยาฉุกเฉิน,,020000000055,2,Transamin (Tranex - 250) (inj.),Tranex - 250,Transamin (Tranex - 250) (inj.),IV,ซีซี,,,ซีซี,ค่ายาฉีด / สารน้ำ,0,0,B - Range price,0.01-1 = 50.00; 1.01-2 = 80.00; 2.01-3 = 110.00; 3.01-4 = 140.00; 4.01-5 = 170.00; 5.01-10 = 200.00,ไม่มี,Active,ยาฉุกเฉิน
ยาฉุกเฉิน,,030000000018,2,ค่าบริการดมอ๊อกซิเจน รายชั่วโมง (oxygen  per hour),ค่าบริการดมอ๊อกซิเจน รายชั่วโมง (oxygen  per hour),ค่าบริการดมอ๊อกซิเจน รายชั่วโมง (O2  per hour),,ครั้ง,,,ครั้ง,ค่าหัตถการ,0.0,0.0,A - Unit price,100.00 / ครั้ง; 100.00 / ครั้ง,ไม่มี,Active,ยาฉุกเฉิน
ยาฉุกเฉิน,,030000000017,2,ค่าบริการดมอ๊อกซิเจน แบบเหมา 12 ชม.(oxygen 12 hr.),ค่าบริการดมอ๊อกซิเจน แบบเหมา 12 ชม.(oxygen 12 hr.),ค่าบริการดมอ๊อกซิเจน แบบเหมา 12 ชม.(oxygen 12 hr.),,ครั้ง,,,ครั้ง,ค่าหัตถการ,0.0,0.0,A - Unit price,400.00 / ครั้ง; 400.00 / ครั้ง,ไม่มี,Active,ยาฉุกเฉิน
ยาฉุกเฉิน,,030000000083,2,ค่าบริการดมอ๊อกซิเจน แบบเหมา 24 ชม.(oxygen 24 hr.),ค่าบริการดมอ๊อกซิเจน แบบเหมา 24 ชม.(oxygen 24 hr.),ค่าบริการดมอ๊อกซิเจน แบบเหมา 24 ชม.(oxygen 24 hr.),,ครั้ง,,,ครั้ง,ค่าหัตถการ,0.0,0.0,A - Unit price,600.00 / ครั้ง; 600.00 / ครั้ง,ไม่มี,Active,ยาฉุกเฉิน
ยาฉุกเฉิน,,030000000023,1,ค่าช่วยชีวิต (CPR),ค่าช่วยชีวิต (CPR),ค่าช่วยชีวิต (CPR),,ครั้ง,,,ครั้ง,ค่าหัตถการ,0.0,0.0,A - Unit price,300.00 / ครั้ง; 300.00 / ครั้ง,ไม่มี,Active,ยาฉุกเฉิน
ยาฉุกเฉิน,,030000000021,1,ค่าใช้บริการเครื่องติดตามสัญญาณชีพ (Mornitor),ค่าใช้บริการเครื่องติดตามสัญญาณชีพ (Mornitor),ค่าใช้บริการเครื่องติดตามสัญญาณชีพ (Mornitor),,ครั้ง,,,ครั้ง,ค่าหัตถการ,0.0,0.0,A - Unit price,100.00 / ครั้ง; 100.00 / ครั้ง,ไม่มี,Active,ยาฉุกเฉิน
สัตว์ป่วยใน,,030000000006,1,ค่าฝากสัตว์ป่วย(สุนัข:คิดตามน้ำหนักตัว),ค่าฝากสัตว์ป่วย(สุนัข:คิดตามน้ำหนักตัว),ค่าฝากสัตว์ป่วย(สุนัข:คิดตามน้ำหนักตัว),,กิโลกรัม,,,กิโลกรัม,ค่าฝากสัตว์ป่วย,0,0,B - Range price,0.01-5 = 150.00; 5.01-10 = 200.00; 10.01-25 = 250.00; 25.01-80 = 300.00,ไม่มี,Active,สัตว์ป่วยใน / CCU
สัตว์ป่วยใน,,030000000008,1,ค่าฝากสัตว์ป่วย(แมว),ค่าฝากสัตว์ป่วย(แมว),ค่าฝากสัตว์ป่วย(แมว),,ครั้ง,,,ครั้ง,ค่าฝากสัตว์ป่วย,0,0,A - Unit price,150.00 / ครั้ง,ไม่มี,Active,สัตว์ป่วยใน / CCU
สัตว์ป่วยใน,,100000000002,1,ค่าตรวจสัตว์ป่วยใน,ค่าตรวจสัตว์ป่วยใน,ค่าตรวจสัตว์ป่วยใน,,ครั้ง,,,ครั้ง,ค่าตรวจ,0,0,A - Unit price,200.00 / ครั้ง,ไม่มี,Active,สัตว์ป่วยใน / CCU
สัตว์ป่วยใน,,030000000028,1,CCU box แบบเหมาคืน,CCU box แบบเหมาคืน,CCU box แบบเหมาคืน,,คืน,,,คืน,ค่าฝากสัตว์ป่วย,0.0,0.0,A - Unit price,500.00 / คืน; 500.00 / คืน,ไม่มี,Active,สัตว์ป่วยใน / CCU
สัตว์ป่วยใน,,030000000029,1,CCU box รายชั่วโมง,CCU box รายชั่วโมง,CCU box รายชั่วโมง,,ชั่วโมง,,,ชั่วโมง,ค่าฝากสัตว์ป่วย,0.0,0.0,A - Unit price,100.00 / ชั่วโมง; 100.00 / ชั่วโมง,ไม่มี,Active,สัตว์ป่วยใน / CCU
สัตว์ป่วยใน,,030000000090,2,ตู้กกจีน *รายชั่วโมง*,,ตู้กกจีน *รายชั่วโมง*,,ชั่วโมง,,,ชั่วโมง,อื่นๆ,0.0,0.0,A - Unit price,50.00 / ชั่วโมง; 50.00 / ชั่วโมง,ไม่มี,Active,สัตว์ป่วยใน / CCU
สัตว์ป่วยใน,,030000000091,2,ตู้กกจีน *เหมาคืน*,,ตู้กกจีน *เหมาคืน*,,คืน,,,คืน,อื่นๆ,0.0,0.0,A - Unit price,250.00 / คืน; 250.00 / คืน,ไม่มี,Active,สัตว์ป่วยใน / CCU
สัตว์ป่วยใน,,030000000094,2,ค่าใช้บริการเครื่องให้น้ำเกลืออัตโนมัติ (Infusion pump)**24hr**,(Infusion pump)**24hr**,ค่าใช้บริการเครื่องให้น้ำเกลืออัตโนมัติ (Infusion pump)**24hr**,,ครั้ง,,,ครั้ง,วัสดุการแพทย์,0,0,A - Unit price,100.00 / ครั้ง,ไม่มี,Active,สัตว์ป่วยใน / CCU
สัตว์ป่วยใน,,080000000029,2,ป้อนอาหาร,ป้อนอาหาร,ป้อนอาหาร,,ครั้ง,,,ครั้ง,ค่าหัตถการ,0,0,A - Unit price,30.00 / ครั้ง,ไม่มี,Active,สัตว์ป่วยใน / CCU
สัตว์ป่วยใน,,080000000030,3,ป้อนยา,ป้อนยา,ป้อนยา,,ครั้ง,,,ครั้ง,ค่าหัตถการ,0,0,A - Unit price,30.00 / ครั้ง,ไม่มี,Active,สัตว์ป่วยใน / CCU
สัตว์ป่วยใน,,080000000004,2,ค่าหัตถการล้างปาก,ค่าหัตถการล้างปาก,ค่าหัตถการล้างปาก,,ครั้ง,,,ครั้ง,ค่าหัตถการ,0,0,A - Unit price,100.00 / ครั้ง,ไม่มี,Active,สัตว์ป่วยใน / CCU
สัตว์ป่วยใน,,050000000165,1,ไซริงค์ 50 ซีซี (Syringe 50 ml) ป้อนอาหาร,ไซริงค์ 50 ซีซี (Syringe 50 ml) ป้อนอาหาร,ไซริงค์ 50 ซีซี (Syringe 50 ml) ป้อนอาหาร,,อัน,,,อัน,ค่าเวชภัณฑ์ / วัสดุการแพทย์,0.0,0.0,A - Unit price,50.00 / อัน; 50.00 / อัน,มี,Active,สัตว์ป่วยใน / CCU
สัตว์ป่วยใน,,080000000014,2,ค่าหัตถการเช็ดหู ธรรมดา (Ear dressing normal) ED,ค่าหัตถการเช็ดหู ธรรมดา (Ear dressing normal) ED,ค่าหัตถการเช็ดหู ธรรมดา (Ear dressing normal) ED,,ครั้ง,,,ครั้ง,ค่าหัตถการ,0,0,A - Unit price,150.00 / ครั้ง,ไม่มี,Active,สัตว์ป่วยใน / CCU
สัตว์ป่วยใน,,080000000015,1,ค่าหัตถการเช็ดหูแบบรุนแรง (Ear dressing severe),ค่าหัตถการเช็ดหูแบบรุนแรง (Ear dressing severe),ค่าหัตถการเช็ดหูแบบรุนแรง (Ear dressing severe),,ครั้ง,,,ครั้ง,ค่าหัตถการ,0,0,A - Unit price,200.00 / ครั้ง,ไม่มี,Active,สัตว์ป่วยใน / CCU
สัตว์ป่วยใน,,050000000050,1,แผ่นรองซับ L,แผ่นรองซับ L,แผ่นรองซับ L,,แผ่น,,,แผ่น,ค่าเวชภัณฑ์ / วัสดุการแพทย์,0.0,0.0,A - Unit price,20.00 / แผ่น; 20.00 / แผ่น,ไม่มี,Active,สัตว์ป่วยใน / CCU
สัตว์ป่วยใน,,050000000051,1,แผ่นรองซับ L (ขายยกห่อ),แผ่นรองซับ L (ขายยกห่อ),แผ่นรองซับ L (ขายยกห่อ),,แผ่น,,,แผ่น,ค่าเวชภัณฑ์ / วัสดุการแพทย์,0.0,0.0,A - Unit price,105.00 / แผ่น; 105.00 / แผ่น,ไม่มี,Active,สัตว์ป่วยใน / CCU
สัตว์ป่วยใน,,080000000024,3,ค่าหัตถการทำแผล,ค่าหัตถการทำแผล,ค่าหัตถการทำแผล,,บาท,,,บาท,ค่าหัตถการ,0,0,A - Unit price,1.00 / บาท,ไม่มี,Active,สัตว์ป่วยใน / CCU
สัตว์ป่วยใน,,030000000018,2,ค่าบริการดมอ๊อกซิเจน รายชั่วโมง (oxygen  per hour),ค่าบริการดมอ๊อกซิเจน รายชั่วโมง (oxygen  per hour),ค่าบริการดมอ๊อกซิเจน รายชั่วโมง (O2  per hour),,ครั้ง,,,ครั้ง,ค่าหัตถการ,0.0,0.0,A - Unit price,100.00 / ครั้ง; 100.00 / ครั้ง,ไม่มี,Active,สัตว์ป่วยใน / CCU
สัตว์ป่วยใน,,030000000017,2,ค่าบริการดมอ๊อกซิเจน แบบเหมา 12 ชม.(oxygen 12 hr.),ค่าบริการดมอ๊อกซิเจน แบบเหมา 12 ชม.(oxygen 12 hr.),ค่าบริการดมอ๊อกซิเจน แบบเหมา 12 ชม.(oxygen 12 hr.),,ครั้ง,,,ครั้ง,ค่าหัตถการ,0.0,0.0,A - Unit price,400.00 / ครั้ง; 400.00 / ครั้ง,ไม่มี,Active,สัตว์ป่วยใน / CCU
สัตว์ป่วยใน,,030000000083,2,ค่าบริการดมอ๊อกซิเจน แบบเหมา 24 ชม.(oxygen 24 hr.),ค่าบริการดมอ๊อกซิเจน แบบเหมา 24 ชม.(oxygen 24 hr.),ค่าบริการดมอ๊อกซิเจน แบบเหมา 24 ชม.(oxygen 24 hr.),,ครั้ง,,,ครั้ง,ค่าหัตถการ,0.0,0.0,A - Unit price,600.00 / ครั้ง; 600.00 / ครั้ง,ไม่มี,Active,สัตว์ป่วยใน / CCU
สัตว์ป่วยใน,,090000000030,1,Recovery can อาหารสำหรับสุนัข และแมวระยะพักฟื้น 195 กรัม,Recovery can,Recovery can อาหารสำหรับสุนัข และแมวระยะพักฟื้น 195 กรัม,,กระป๋อง,,,กระป๋อง,ค่าอาหารกระป๋อง,0.0,0.0,A - Unit price,150.00 / กระป๋อง,มี,Active,สัตว์ป่วยใน / CCU
สัตว์ป่วยใน,,050000000004,2,ปลอกคอกันเลียเบอร์ 7.5 (Collar No. 7.5),Collar No. 7.5,Collar No. 7.5,,อัน,,,อัน,ค่าเวชภัณฑ์ / วัสดุการแพทย์,0.0,0.0,A - Unit price,130.00 / อัน; 130.00 / อัน,ไม่มี,Active,สัตว์ป่วยใน / CCU
สัตว์ป่วยใน,,050000000005,2,ปลอกคอกันเลียเบอร์ 10 (Collar No.10),Collar No.10,Collar No.10,,อัน,,,อัน,ค่าเวชภัณฑ์ / วัสดุการแพทย์,0.0,0.0,A - Unit price,140.00 / อัน; 140.00 / อัน,ไม่มี,Active,สัตว์ป่วยใน / CCU
สัตว์ป่วยใน,,050000000006,2,ปลอกคอกันเลียเบอร์ 12.5 (Collar No.12.5),Collar No.12.5,Collar No.12.5,,อัน,,,อัน,ค่าเวชภัณฑ์ / วัสดุการแพทย์,0.0,0.0,A - Unit price,160.00 / อัน; 160.00 / อัน,ไม่มี,Active,สัตว์ป่วยใน / CCU
สัตว์ป่วยใน,,050000000007,2,ปลอกคอกันเลียเบอร์ 15 (Collar No. 15),Collar No. 15,Collar No. 15,,อัน,,,อัน,ค่าเวชภัณฑ์ / วัสดุการแพทย์,0.0,0.0,A - Unit price,170.00 / อัน; 170.00 / อัน,ไม่มี,Active,สัตว์ป่วยใน / CCU
สัตว์ป่วยใน,,050000000008,2,ปลอกคอกันเลียเบอร์ 20 (Collar No.20),Collar No.20,Collar No.20,,อัน,,,อัน,ค่าเวชภัณฑ์ / วัสดุการแพทย์,0.0,0.0,A - Unit price,200.00 / อัน; 200.00 / อัน,ไม่มี,Active,สัตว์ป่วยใน / CCU
สัตว์ป่วยใน,,050000000009,2,ปลอกคอกันเลียเบอร์ 25 (Collar No.25),Collar No.25,Collar No.25,,อัน,,,อัน,ค่าเวชภัณฑ์ / วัสดุการแพทย์,0.0,0.0,A - Unit price,225.00 / อัน; 225.00 / อัน,ไม่มี,Active,สัตว์ป่วยใน / CCU
สัตว์ป่วยใน,,050000000010,2,ปลอกคอกันเลียเบอร์ 30 (Collar No.30),Collar No.30,Collar No.30,,อัน,,,อัน,ค่าเวชภัณฑ์ / วัสดุการแพทย์,0.0,0.0,A - Unit price,270.00 / อัน; 270.00 / อัน,ไม่มี,Active,สัตว์ป่วยใน / CCU
สัตว์ป่วยใน,,090000000034,1,Meo 400 g อาหารกระป๋องแมว,Meo 400g อาหารกระป๋องแมว,Meo 400g  อาหารกระป๋องแมว,,กระป๋อง,,,กระป๋อง,ค่าอาหารกระป๋อง,0.0,0.0,A - Unit price,55.00 / กระป๋อง,ไม่มี,Active,สัตว์ป่วยใน / CCU
สัตว์ป่วยใน,,090000000035,1,pedigree1.15 kg  อาหารกระป๋องสุนัข,pedigree (รสเนื้อ) อาหารกระป๋องสุนัข,pedigree อาหารกระป๋องสุนัข,,กระป๋อง,,,กระป๋อง,ค่าอาหารกระป๋อง,0.0,0.0,A - Unit price,170.00 / กระป๋อง,ไม่มี,Active,สัตว์ป่วยใน / CCU
สัตว์ใหญ่,,980000000003,1,ค่าบริการฟาร์ม,,,,บาท,,,บาท,ค่าบริการทางการแพทย์,0.0,0.0,A - Unit price,1.00 / บาท; 1.00 / บาท,ไม่มี,Active,สัตว์ใหญ่
สัตว์ใหญ่,,980000000004,1,ค่าที่ปรึกษา,,,,บาท,,,บาท,ค่าบริการทางการแพทย์,0.0,0.0,A - Unit price,1.00 / บาท; 1.00 / บาท,ไม่มี,Active,สัตว์ใหญ่
สัตว์ใหญ่,,980000000002,1,ค่าปาดแต่งกีบโค,,,,บาท,,,บาท,ค่าหัตถการ,0.0,0.0,A - Unit price,1.00 / บาท; 1.00 / บาท,ไม่มี,Active,สัตว์ใหญ่
สัตว์ใหญ่,,990000000007,1,โครงการให้คำปรึกษาทางด้านการจัดการสุขภาพและผลผลิตระดับฝูง,,,,บาท,,,บาท,ค่าบริการทางการแพทย์,0.0,0.0,A - Unit price,1.00 / บาท; 1.00 / บาท,ไม่มี,Active,สัตว์ใหญ่
สัตว์ใหญ่,,030000000086,1,ค่าอุปกรณ์สำหรับการวิเคราะห์โซมาติกเซลล์,,,,บาท,,,บาท,ค่าตรวจทางห้องปฎิบัติการ,0.0,0.0,A - Unit price,1.00 / บาท; 1.00 / บาท,ไม่มี,Active,สัตว์ใหญ่
สัตว์ใหญ่,,030000000080,1,ค่าตรวจ Somatic cell count,,,,บาท,,,บาท,ค่าตรวจทางห้องปฎิบัติการ,0,0,A - Unit price,1.00 / บาท,ไม่มี,Active,สัตว์ใหญ่
อื่นๆ,,990000000003,1,ค่าที่พัก,,,,บาท,,,บาท,อื่นๆ,0.0,0.0,A - Unit price,1.00 / บาท; 1.00 / บาท,ไม่มี,Active,อื่นๆ
อื่นๆ,,990000000002,1,ค่าสาธารณูปโภค,,,,บาท,,,บาท,อื่นๆ,0.0,0.0,A - Unit price,1.00 / บาท; 1.00 / บาท,ไม่มี,Active,อื่นๆ
อื่นๆ,,990000000001,1,ค่าเช่าพื้นที่,ค่าเช่าพื้นที่,ค่าเช่าพื้นที่,,บาท,,,บาท,อื่นๆ,0.0,0.0,A - Unit price,1.00 / บาท; 1.00 / บาท,ไม่มี,Active,อื่นๆ
อื่นๆ,,990000000004,1,จำหน่ายวัสดุต่างๆ,,,,บาท,,,บาท,อื่นๆ,0.0,0.0,A - Unit price,1.00 / บาท; 1.00 / บาท,ไม่มี,Active,อื่นๆ
อื่นๆ,,990000000005,1,ค่าฝึกงานนักศึกษาสัตวแพทย์ต่างสถาบัน,,,,บาท,,,บาท,อื่นๆ,0.0,0.0,A - Unit price,1.00 / บาท; 1.00 / บาท,ไม่มี,Active,อื่นๆ